quote_time,id_tb_StockXMinRecords,stock_code,open_price,high_price,low_price,close_price,period,trading_volumn,EMA_short,EMA_long,DIF,DEA,MACD,Signal,EMA_short_window,EMA_long_window,DIF_window,MACD_Pattern_Number,Reason
2017-04-26 10:00:00,840,sz002310,16.98,17.2,17.28,16.7,m30,77648.0,16.7,16.7,0.0,,,0,9,12,7,229,
2017-04-26 10:30:00,841,sz002310,17.2,17.22,17.35,17.12,m30,59370.0,16.933,16.928,0.005,,,0,9,12,7,229,
2017-04-26 11:00:00,842,sz002310,17.22,17.24,17.31,17.2,m30,36241.0,17.043,17.034,0.009,,,0,9,12,7,229,
2017-04-26 11:30:00,843,sz002310,17.24,17.26,17.28,17.14,m30,27599.0,17.076,17.067,0.009,,,0,9,12,7,229,
2017-04-26 13:30:00,844,sz002310,17.26,17.32,17.38,17.25,m30,44359.0,17.127,17.117,0.01,,,0,9,12,7,229,
2017-04-26 14:00:00,845,sz002310,17.32,17.28,17.35,17.26,m30,23982.0,17.163,17.152,0.011,,,0,9,12,7,229,
2017-04-26 14:30:00,846,sz002310,17.28,17.27,17.32,17.14,m30,30037.0,17.157,17.149,0.008,0.007,0.002,0,9,12,7,229,
2017-04-26 15:00:00,847,sz002310,17.27,17.4,17.4,17.27,m30,83851.0,17.185,17.174,0.011,0.009,0.004,0,9,12,7,229,
2017-04-27 10:00:00,848,sz002310,17.47,17.36,17.56,17.27,m30,88739.0,17.204,17.193,0.011,0.01,0.002,0,9,12,7,229,
2017-04-27 10:30:00,849,sz002310,17.36,17.29,17.68,17.29,m30,88490.0,17.223,17.212,0.011,0.01,0.002,0,9,12,7,229,
2017-04-27 11:00:00,850,sz002310,17.29,17.33,17.37,17.22,m30,45821.0,17.223,17.213,0.01,0.01,0.0,0,9,12,7,229,
2017-04-27 11:30:00,851,sz002310,17.33,17.49,17.56,17.31,m30,37300.0,17.241,17.23,0.011,0.01,0.002,0,9,12,7,229,
2017-04-27 13:30:00,852,sz002310,17.49,17.63,17.64,17.45,m30,26348.0,17.286,17.268,0.018,0.011,0.014,0,9,12,7,229,
2017-04-27 14:00:00,853,sz002310,17.62,17.6,17.64,17.49,m30,32395.0,17.328,17.306,0.022,0.013,0.018,0,9,12,7,229,
2017-04-27 14:30:00,854,sz002310,17.61,17.55,17.66,17.52,m30,37797.0,17.368,17.342,0.026,0.016,0.02,0,9,12,7,229,
2017-04-27 15:00:00,855,sz002310,17.55,17.6,17.69,17.55,m30,55197.0,17.406,17.376,0.03,0.018,0.024,0,9,12,7,229,
2017-04-28 10:00:00,856,sz002310,17.48,17.61,17.78,17.38,m30,52690.0,17.4,17.377,0.023,0.02,0.006,0,9,12,7,229,
2017-04-28 10:30:00,857,sz002310,17.61,17.8,17.9,17.56,m30,103106.0,17.433,17.407,0.026,0.022,0.008,0,9,12,7,229,
2017-04-28 11:00:00,858,sz002310,17.81,17.82,17.92,17.75,m30,74330.0,17.497,17.462,0.035,0.026,0.018,0,9,12,7,229,
2017-04-28 11:30:00,859,sz002310,17.82,17.7,17.87,17.61,m30,35331.0,17.52,17.485,0.035,0.028,0.014,0,9,12,7,229,
2017-04-28 13:30:00,860,sz002310,17.7,17.69,17.7,17.6,m30,26375.0,17.536,17.504,0.032,0.03,0.004,0,9,12,7,229,
2017-04-28 14:00:00,861,sz002310,17.69,17.61,17.74,17.59,m30,21592.0,17.547,17.517,0.03,0.03,0.0,0,9,12,7,229,
2017-04-28 14:30:00,862,sz002310,17.61,17.59,17.65,17.55,m30,36077.0,17.548,17.522,0.026,0.03,-0.008,0,9,12,7,229,
2017-04-28 15:00:00,863,sz002310,17.59,17.61,17.7,17.57,m30,50436.0,17.552,17.53,0.022,0.029,-0.014,0,9,12,7,229,
2017-05-02 10:00:00,864,sz002310,17.57,17.7,17.77,17.51,m30,60563.0,17.544,17.527,0.017,0.028,-0.022,0,9,12,7,229,
2017-05-02 10:30:00,865,sz002310,17.7,17.97,17.98,17.66,m30,83908.0,17.567,17.548,0.019,0.026,-0.014,0,9,12,7,229,
2017-05-02 11:00:00,866,sz002310,17.97,17.99,18.12,17.92,m30,76238.0,17.638,17.605,0.033,0.026,0.014,1,9,12,7,229,"DSB quo:0.7, ga:0.3"
2017-05-02 11:30:00,867,sz002310,17.99,17.86,17.99,17.86,m30,22017.0,17.682,17.645,0.037,0.026,0.022,0,9,12,7,229,
2017-05-02 13:30:00,868,sz002310,17.89,17.96,18.02,17.86,m30,21165.0,17.718,17.678,0.04,0.028,0.024,0,9,12,7,229,
2017-05-02 14:00:00,869,sz002310,17.96,17.98,17.98,17.81,m30,41596.0,17.736,17.699,0.037,0.029,0.016,0,9,12,7,229,
2017-05-02 14:30:00,870,sz002310,17.98,17.86,17.99,17.83,m30,25201.0,17.755,17.719,0.036,0.031,0.01,0,9,12,7,229,
2017-05-02 15:00:00,871,sz002310,17.86,17.95,17.95,17.84,m30,37596.0,17.772,17.738,0.034,0.034,0.0,-9,9,12,7,229,"MS_RSSign quo:0.7, ga:0.3"
2017-05-03 10:00:00,872,sz002310,18.09,17.81,18.14,17.74,m30,70620.0,17.766,17.738,0.028,0.035,-0.014,-1,9,12,7,229,"ReS quo:0.7, ga:0.3"
2017-05-03 10:30:00,873,sz002310,17.81,17.82,17.9,17.78,m30,28502.0,17.769,17.745,0.024,0.034,-0.02,0,9,12,7,229,
2017-05-03 11:00:00,874,sz002310,17.82,17.78,17.92,17.73,m30,32286.0,17.761,17.742,0.019,0.031,-0.024,0,9,12,7,229,
2017-05-03 11:30:00,875,sz002310,17.78,17.76,17.8,17.7,m30,20696.0,17.749,17.736,0.013,0.027,-0.028,0,9,12,7,229,
2017-05-03 13:30:00,876,sz002310,17.76,17.73,17.76,17.7,m30,14858.0,17.739,17.73,0.009,0.023,-0.028,0,9,12,7,229,
2017-05-03 14:00:00,877,sz002310,17.73,17.65,17.8,17.62,m30,22559.0,17.715,17.713,0.002,0.018,-0.032,0,9,12,7,229,
2017-05-03 14:30:00,878,sz002310,17.65,17.63,17.67,17.51,m30,36886.0,17.674,17.682,-0.008,0.012,-0.04,0,9,12,7,229,
2017-05-03 15:00:00,879,sz002310,17.63,17.53,17.67,17.53,m30,35762.0,17.645,17.659,-0.014,0.006,-0.04,0,9,12,7,229,
2017-05-04 10:00:00,880,sz002310,17.38,17.64,17.68,17.3,m30,46491.0,17.576,17.603,-0.027,-0.001,-0.052,0,9,12,7,229,
2017-05-04 10:30:00,881,sz002310,17.64,17.71,17.83,17.6,m30,37303.0,17.581,17.603,-0.022,-0.007,-0.03,0,9,12,7,229,
2017-05-04 11:00:00,882,sz002310,17.71,17.7,17.86,17.7,m30,39279.0,17.605,17.618,-0.013,-0.01,-0.006,0,9,12,7,229,
2017-05-04 11:30:00,883,sz002310,17.7,17.98,18.0,17.7,m30,63579.0,17.624,17.63,-0.006,-0.013,0.014,1,9,12,7,229,"DSB quo:0.7, ga:0.3"
2017-05-04 13:30:00,884,sz002310,17.98,17.89,18.04,17.88,m30,40990.0,17.675,17.669,0.006,-0.012,0.036,0,9,12,7,229,
2017-05-04 14:00:00,885,sz002310,17.89,17.78,17.9,17.74,m30,31175.0,17.688,17.68,0.008,-0.01,0.036,0,9,12,7,229,
2017-05-04 14:30:00,886,sz002310,17.78,17.8,17.85,17.75,m30,19922.0,17.7,17.691,0.009,-0.006,0.03,0,9,12,7,229,
2017-05-04 15:00:00,887,sz002310,17.8,17.78,17.81,17.64,m30,41969.0,17.688,17.683,0.005,-0.002,0.014,0,9,12,7,229,
2017-05-05 10:00:00,888,sz002310,17.6,17.93,17.96,17.55,m30,59767.0,17.661,17.662,-0.001,0.001,-0.004,-1,9,12,7,229,"MS_Sale quo:0.7, ga:0.3"
2017-05-05 10:30:00,889,sz002310,17.93,17.84,17.94,17.76,m30,38326.0,17.681,17.677,0.004,0.004,0.0,0,9,12,7,229,
2017-05-05 11:00:00,890,sz002310,17.84,17.87,17.93,17.82,m30,25027.0,17.708,17.699,0.009,0.006,0.006,0,9,12,7,229,
2017-05-05 11:30:00,891,sz002310,17.87,18.04,18.07,17.83,m30,58591.0,17.733,17.719,0.014,0.007,0.014,0,9,12,7,229,
2017-05-05 13:30:00,892,sz002310,18.04,17.99,18.07,17.93,m30,36639.0,17.772,17.752,0.02,0.009,0.022,0,9,12,7,229,
2017-05-05 14:00:00,893,sz002310,17.99,17.91,18.0,17.9,m30,25654.0,17.798,17.775,0.023,0.011,0.024,0,9,12,7,229,
2017-05-05 14:30:00,894,sz002310,17.92,17.88,17.95,17.86,m30,33853.0,17.81,17.788,0.022,0.013,0.018,0,9,12,7,229,
2017-05-05 15:00:00,895,sz002310,17.88,17.88,17.98,17.84,m30,57473.0,17.816,17.796,0.02,0.016,0.008,0,9,12,7,229,
2017-05-08 10:00:00,896,sz002310,17.63,17.74,17.8,17.45,m30,58795.0,17.743,17.743,0.0,0.015,-0.03,0,9,12,7,229,
2017-05-08 10:30:00,897,sz002310,17.74,17.67,17.79,17.67,m30,31386.0,17.728,17.731,-0.003,0.014,-0.034,0,9,12,7,229,
2017-05-08 11:00:00,898,sz002310,17.68,17.57,17.7,17.46,m30,52452.0,17.675,17.69,-0.015,0.01,-0.05,0,9,12,7,229,
2017-05-08 11:30:00,899,sz002310,17.55,17.53,17.61,17.51,m30,23329.0,17.642,17.662,-0.02,0.004,-0.048,0,9,12,7,229,
2017-05-08 13:30:00,900,sz002310,17.53,17.39,17.53,17.33,m30,70252.0,17.579,17.611,-0.032,-0.004,-0.056,0,9,12,7,229,
2017-05-08 14:00:00,901,sz002310,17.38,17.45,17.5,17.38,m30,20590.0,17.54,17.575,-0.035,-0.012,-0.046,0,9,12,7,229,
2017-05-08 14:30:00,902,sz002310,17.45,17.65,17.73,17.44,m30,34656.0,17.52,17.555,-0.035,-0.02,-0.03,0,9,12,7,229,
2017-05-08 15:00:00,903,sz002310,17.65,17.51,17.69,17.49,m30,34908.0,17.514,17.545,-0.031,-0.024,-0.014,0,9,12,7,229,
2017-05-09 10:00:00,904,sz002310,17.33,17.31,17.45,17.15,m30,44870.0,17.441,17.484,-0.043,-0.03,-0.026,0,9,12,7,229,
2017-05-09 10:30:00,905,sz002310,17.31,17.0,17.32,16.99,m30,55024.0,17.351,17.408,-0.057,-0.036,-0.042,0,9,12,7,229,
2017-05-09 11:00:00,906,sz002310,17.0,17.2,17.32,16.93,m30,63527.0,17.267,17.334,-0.067,-0.043,-0.048,0,9,12,7,229,
2017-05-09 11:30:00,907,sz002310,17.24,17.4,17.47,17.15,m30,34031.0,17.243,17.306,-0.063,-0.047,-0.032,0,9,12,7,229,
2017-05-09 13:30:00,908,sz002310,17.4,17.31,17.43,17.31,m30,15974.0,17.257,17.307,-0.05,-0.049,-0.002,0,9,12,7,229,
2017-05-09 14:00:00,909,sz002310,17.31,17.27,17.34,17.21,m30,16640.0,17.247,17.292,-0.045,-0.051,0.012,0,9,12,7,229,"DSB_AR quo:0.7, ga:0.3"
2017-05-09 14:30:00,910,sz002310,17.29,17.36,17.41,17.26,m30,18868.0,17.25,17.287,-0.037,-0.052,0.03,0,9,12,7,229,
2017-05-09 15:00:00,911,sz002310,17.36,17.18,17.38,17.1,m30,41042.0,17.22,17.258,-0.038,-0.051,0.026,0,9,12,7,229,
2017-05-10 10:00:00,912,sz002310,17.35,17.47,17.53,17.3,m30,46920.0,17.236,17.265,-0.029,-0.047,0.036,0,9,12,7,229,
2017-05-10 10:30:00,913,sz002310,17.47,17.47,17.49,17.41,m30,16587.0,17.271,17.287,-0.016,-0.04,0.048,0,9,12,7,229,
2017-05-10 11:00:00,914,sz002310,17.47,17.41,17.48,17.38,m30,17683.0,17.293,17.301,-0.008,-0.032,0.048,0,9,12,7,229,
2017-05-10 11:30:00,915,sz002310,17.42,17.36,17.43,17.33,m30,15435.0,17.3,17.306,-0.006,-0.026,0.04,0,9,12,7,229,
2017-05-10 13:30:00,916,sz002310,17.36,17.28,17.38,17.27,m30,25712.0,17.294,17.3,-0.006,-0.02,0.028,0,9,12,7,229,
2017-05-10 14:00:00,917,sz002310,17.28,17.26,17.38,17.18,m30,23040.0,17.271,17.282,-0.011,-0.016,0.01,0,9,12,7,229,
2017-05-10 14:30:00,918,sz002310,17.26,17.2,17.33,17.15,m30,34902.0,17.247,17.261,-0.014,-0.013,-0.002,0,9,12,7,229,
2017-05-10 15:00:00,919,sz002310,17.18,17.08,17.21,17.03,m30,35485.0,17.204,17.226,-0.022,-0.012,-0.02,0,9,12,7,229,
2017-05-11 10:00:00,920,sz002310,16.73,17.16,17.17,16.71,m30,43180.0,17.105,17.146,-0.041,-0.015,-0.052,0,9,12,7,229,
2017-05-11 10:30:00,921,sz002310,17.15,17.08,17.16,17.0,m30,18022.0,17.084,17.124,-0.04,-0.02,-0.04,0,9,12,7,229,
2017-05-11 11:00:00,922,sz002310,17.08,17.08,17.12,17.03,m30,10283.0,17.073,17.109,-0.036,-0.024,-0.024,0,9,12,7,229,
2017-05-11 11:30:00,923,sz002310,17.09,17.02,17.12,17.01,m30,15023.0,17.06,17.094,-0.034,-0.028,-0.012,0,9,12,7,229,
2017-05-11 13:30:00,924,sz002310,17.02,16.88,17.02,16.72,m30,41339.0,16.992,17.037,-0.045,-0.033,-0.024,0,9,12,7,229,
2017-05-11 14:00:00,925,sz002310,16.88,16.91,17.1,16.8,m30,27721.0,16.954,17.0,-0.046,-0.038,-0.016,0,9,12,7,229,
2017-05-11 14:30:00,926,sz002310,16.91,17.04,17.09,16.86,m30,15146.0,16.935,16.979,-0.044,-0.041,-0.006,0,9,12,7,229,
2017-05-11 15:00:00,927,sz002310,17.04,17.17,17.18,17.02,m30,36611.0,16.952,16.985,-0.033,-0.04,0.014,1,9,12,7,229,"DSB quo:0.7, ga:0.3"
2017-05-12 10:00:00,928,sz002310,17.18,17.13,17.23,17.08,m30,22040.0,16.978,17.0,-0.022,-0.037,0.03,0,9,12,7,229,
2017-05-12 10:30:00,929,sz002310,17.13,17.11,17.13,17.05,m30,14184.0,16.992,17.007,-0.015,-0.034,0.038,0,9,12,7,229,
2017-05-12 11:00:00,930,sz002310,17.11,17.18,17.25,17.04,m30,16341.0,17.002,17.012,-0.01,-0.031,0.042,0,9,12,7,229,
2017-05-12 11:30:00,931,sz002310,17.2,17.22,17.25,17.15,m30,9033.0,17.031,17.034,-0.003,-0.025,0.044,0,9,12,7,229,
2017-05-12 13:30:00,932,sz002310,17.22,17.26,17.34,17.17,m30,15071.0,17.059,17.055,0.004,-0.018,0.044,0,9,12,7,229,
2017-05-12 14:00:00,933,sz002310,17.26,17.45,17.51,17.26,m30,32210.0,17.099,17.086,0.013,-0.009,0.044,0,9,12,7,229,
2017-05-12 14:30:00,934,sz002310,17.45,17.44,17.49,17.37,m30,20585.0,17.153,17.13,0.023,-0.001,0.048,0,9,12,7,229,
2017-05-12 15:00:00,935,sz002310,17.44,17.49,17.53,17.39,m30,37583.0,17.201,17.17,0.031,0.006,0.05,0,9,12,7,229,
2017-05-15 10:00:00,936,sz002310,17.5,17.51,17.59,17.41,m30,26829.0,17.243,17.207,0.036,0.013,0.046,0,9,12,7,229,
2017-05-15 10:30:00,937,sz002310,17.52,17.51,17.54,17.47,m30,16040.0,17.288,17.247,0.041,0.021,0.04,0,9,12,7,229,
2017-05-15 11:00:00,938,sz002310,17.51,17.64,17.75,17.51,m30,29920.0,17.332,17.288,0.044,0.027,0.034,0,9,12,7,229,
2017-05-15 11:30:00,939,sz002310,17.63,17.65,17.69,17.61,m30,8345.0,17.388,17.337,0.051,0.034,0.034,0,9,12,7,229,
2017-05-15 13:30:00,940,sz002310,17.65,17.58,17.66,17.55,m30,16010.0,17.42,17.37,0.05,0.039,0.022,0,9,12,7,229,
2017-05-15 14:00:00,941,sz002310,17.6,17.6,17.68,17.58,m30,11188.0,17.452,17.402,0.05,0.043,0.014,-1,9,12,7,229,"MS_Sale quo:0.7, ga:0.3"
2017-05-15 14:30:00,942,sz002310,17.6,17.48,17.63,17.48,m30,19960.0,17.458,17.414,0.044,0.045,-0.002,0,9,12,7,229,
2017-05-15 15:00:00,943,sz002310,17.48,17.46,17.53,17.46,m30,15217.0,17.458,17.421,0.037,0.045,-0.016,0,9,12,7,229,
2017-05-16 10:00:00,944,sz002310,17.49,17.54,17.65,17.35,m30,30885.0,17.437,17.41,0.027,0.043,-0.032,0,9,12,7,229,
2017-05-16 10:30:00,945,sz002310,17.53,17.7,17.74,17.48,m30,35837.0,17.445,17.421,0.024,0.04,-0.032,0,9,12,7,229,
2017-05-16 11:00:00,946,sz002310,17.71,17.69,17.73,17.61,m30,21889.0,17.478,17.45,0.028,0.037,-0.018,0,9,12,7,229,
2017-05-16 11:30:00,947,sz002310,17.69,17.87,17.87,17.68,m30,45678.0,17.519,17.485,0.034,0.035,-0.002,0,9,12,7,229,
2017-05-16 13:30:00,948,sz002310,17.87,17.9,18.0,17.86,m30,48569.0,17.587,17.543,0.044,0.034,0.02,1,9,12,7,229,"DSB quo:0.7, ga:0.3"
2017-05-16 14:00:00,949,sz002310,17.9,17.96,17.98,17.89,m30,31238.0,17.647,17.596,0.051,0.035,0.032,0,9,12,7,229,
2017-05-16 14:30:00,950,sz002310,17.95,18.04,18.1,17.95,m30,43865.0,17.708,17.651,0.057,0.038,0.038,0,9,12,7,229,
2017-05-16 15:00:00,951,sz002310,18.04,18.19,18.19,18.0,m30,55079.0,17.766,17.705,0.061,0.043,0.036,0,9,12,7,229,
2017-05-17 10:00:00,952,sz002310,18.25,18.47,18.47,18.14,m30,87101.0,17.841,17.772,0.069,0.049,0.04,0,9,12,7,229,
2017-05-17 10:30:00,953,sz002310,18.47,18.38,18.65,18.37,m30,67809.0,17.947,17.864,0.083,0.057,0.052,0,9,12,7,229,
2017-05-17 11:00:00,954,sz002310,18.38,18.36,18.42,18.26,m30,31401.0,18.01,17.925,0.085,0.064,0.042,0,9,12,7,229,
2017-05-17 11:30:00,955,sz002310,18.34,18.27,18.37,18.24,m30,22462.0,18.056,17.973,0.083,0.07,0.026,0,9,12,7,229,
2017-05-17 13:30:00,956,sz002310,18.27,18.23,18.39,18.22,m30,31925.0,18.088,18.011,0.077,0.074,0.006,-1,9,12,7,229,"MS_Sale quo:0.7, ga:0.3"
2017-05-17 14:00:00,957,sz002310,18.23,18.22,18.29,18.16,m30,27621.0,18.103,18.034,0.069,0.075,-0.012,0,9,12,7,229,
2017-05-17 14:30:00,958,sz002310,18.22,18.15,18.26,18.04,m30,37103.0,18.09,18.035,0.055,0.074,-0.038,0,9,12,7,229,
2017-05-17 15:00:00,959,sz002310,18.15,18.2,18.34,18.14,m30,25865.0,18.1,18.051,0.049,0.072,-0.046,0,9,12,7,229,
2017-05-18 10:00:00,960,sz002310,18.01,18.45,18.55,17.91,m30,110901.0,18.062,18.029,0.033,0.064,-0.062,0,9,12,7,229,
2017-05-18 10:30:00,961,sz002310,18.45,18.62,18.62,18.4,m30,44403.0,18.13,18.086,0.044,0.059,-0.03,0,9,12,7,229,
2017-05-18 11:00:00,962,sz002310,18.62,18.62,18.66,18.51,m30,48532.0,18.206,18.152,0.054,0.054,0.0,0,9,12,7,229,
2017-05-18 11:30:00,963,sz002310,18.62,18.7,18.78,18.61,m30,51431.0,18.287,18.222,0.065,0.053,0.024,0,9,12,7,229,
2017-05-18 13:30:00,964,sz002310,18.7,18.49,18.75,18.47,m30,36843.0,18.323,18.26,0.063,0.052,0.022,0,9,12,7,229,
2017-05-18 14:00:00,965,sz002310,18.49,18.56,18.58,18.43,m30,24335.0,18.345,18.286,0.059,0.052,0.014,0,9,12,7,229,
2017-05-18 14:30:00,966,sz002310,18.56,18.36,18.57,18.35,m30,23842.0,18.346,18.296,0.05,0.053,-0.006,0,9,12,7,229,
2017-05-18 15:00:00,967,sz002310,18.36,18.49,18.51,18.36,m30,31032.0,18.349,18.306,0.043,0.054,-0.022,0,9,12,7,229,
2017-05-19 10:00:00,968,sz002310,18.64,18.35,18.69,18.22,m30,51607.0,18.323,18.293,0.03,0.052,-0.044,0,9,12,7,229,
2017-05-19 10:30:00,969,sz002310,18.35,18.42,18.42,18.25,m30,23724.0,18.308,18.286,0.022,0.047,-0.05,0,9,12,7,229,
2017-05-19 11:00:00,970,sz002310,18.42,18.27,18.42,18.25,m30,18629.0,18.297,18.281,0.016,0.04,-0.048,0,9,12,7,229,
2017-05-19 11:30:00,971,sz002310,18.28,18.19,18.32,18.15,m30,22349.0,18.267,18.261,0.006,0.032,-0.052,0,9,12,7,229,
2017-05-19 13:30:00,972,sz002310,18.19,18.11,18.22,17.98,m30,33397.0,18.21,18.217,-0.007,0.023,-0.06,0,9,12,7,229,
2017-05-19 14:00:00,973,sz002310,18.11,18.09,18.14,18.0,m30,21591.0,18.168,18.184,-0.016,0.013,-0.058,0,9,12,7,229,
2017-05-19 14:30:00,974,sz002310,18.1,18.16,18.21,18.04,m30,20949.0,18.142,18.162,-0.02,0.004,-0.048,0,9,12,7,229,
2017-05-19 15:00:00,975,sz002310,18.16,18.13,18.19,18.07,m30,23982.0,18.128,18.148,-0.02,-0.003,-0.034,0,9,12,7,229,
2017-05-22 10:00:00,976,sz002310,18.15,18.31,18.35,17.92,m30,40790.0,18.086,18.113,-0.027,-0.01,-0.034,0,9,12,7,229,
2017-05-22 10:30:00,977,sz002310,18.32,18.32,18.49,18.27,m30,37240.0,18.123,18.137,-0.014,-0.014,0.0,0,9,12,7,229,
2017-05-22 11:00:00,978,sz002310,18.31,18.24,18.43,18.23,m30,15412.0,18.144,18.151,-0.007,-0.016,0.018,0,9,12,7,229,
2017-05-22 11:30:00,979,sz002310,18.24,18.18,18.28,18.13,m30,12328.0,18.142,18.148,-0.006,-0.016,0.02,0,9,12,7,229,
2017-05-22 13:30:00,980,sz002310,18.18,18.12,18.23,18.06,m30,12904.0,18.125,18.134,-0.009,-0.015,0.012,0,9,12,7,229,
2017-05-22 14:00:00,981,sz002310,18.12,18.2,18.25,18.11,m30,23828.0,18.122,18.131,-0.009,-0.013,0.008,0,9,12,7,229,
2017-05-22 14:30:00,982,sz002310,18.21,18.11,18.23,18.06,m30,32899.0,18.11,18.12,-0.01,-0.012,0.004,0,9,12,7,229,
2017-05-22 15:00:00,983,sz002310,18.11,17.95,18.18,17.95,m30,33083.0,18.078,18.094,-0.016,-0.01,-0.012,0,9,12,7,229,
2017-05-23 10:00:00,984,sz002310,18.0,17.84,18.09,17.8,m30,33365.0,18.022,18.048,-0.026,-0.012,-0.028,0,9,12,7,229,
2017-05-23 10:30:00,985,sz002310,17.84,17.68,17.85,17.65,m30,39731.0,17.948,17.987,-0.039,-0.016,-0.046,0,9,12,7,229,
2017-05-23 11:00:00,986,sz002310,17.68,17.71,17.76,17.56,m30,34996.0,17.87,17.921,-0.051,-0.023,-0.056,0,9,12,7,229,
2017-05-23 11:30:00,987,sz002310,17.71,17.25,17.78,17.22,m30,35609.0,17.74,17.814,-0.074,-0.032,-0.084,0,9,12,7,229,
2017-05-23 13:30:00,988,sz002310,17.26,17.16,17.33,16.85,m30,118955.0,17.562,17.665,-0.103,-0.046,-0.114,0,9,12,7,229,
2017-05-23 14:00:00,989,sz002310,17.16,17.2,17.3,17.13,m30,33825.0,17.476,17.583,-0.107,-0.059,-0.096,0,9,12,7,229,
2017-05-23 14:30:00,990,sz002310,17.2,16.98,17.24,16.9,m30,39499.0,17.361,17.478,-0.117,-0.074,-0.086,0,9,12,7,229,
2017-05-23 15:00:00,991,sz002310,16.99,16.66,17.0,16.21,m30,108337.0,17.13,17.283,-0.153,-0.092,-0.122,0,9,12,7,229,
2017-05-24 10:00:00,992,sz002310,16.56,16.49,16.68,16.17,m30,73758.0,16.938,17.112,-0.174,-0.111,-0.126,0,9,12,7,229,
2017-05-24 10:30:00,993,sz002310,16.49,16.57,16.57,16.34,m30,30440.0,16.819,16.993,-0.174,-0.129,-0.09,0,9,12,7,229,
2017-05-24 11:00:00,994,sz002310,16.6,16.47,16.74,16.43,m30,27397.0,16.741,16.906,-0.165,-0.142,-0.046,0,9,12,7,229,
2017-05-24 11:30:00,995,sz002310,16.47,16.43,16.62,16.43,m30,14714.0,16.679,16.833,-0.154,-0.149,-0.01,0,9,12,7,229,
2017-05-24 13:30:00,996,sz002310,16.43,16.31,16.5,16.22,m30,26789.0,16.587,16.739,-0.152,-0.156,0.008,0,9,12,7,229,"DSB_AR quo:0.7, ga:0.3"
2017-05-24 14:00:00,997,sz002310,16.31,16.27,16.32,16.17,m30,35755.0,16.504,16.651,-0.147,-0.16,0.026,1,9,12,7,229,"ReBuy quo:0.7, ga:0.3"
2017-05-24 14:30:00,998,sz002310,16.28,16.58,16.6,16.26,m30,28300.0,16.455,16.591,-0.136,-0.157,0.042,0,9,12,7,229,
2017-05-24 15:00:00,999,sz002310,16.58,16.64,16.67,16.49,m30,42835.0,16.462,16.575,-0.113,-0.149,0.072,0,9,12,7,229,
2017-05-25 10:00:00,1000,sz002310,16.63,16.43,16.7,16.4,m30,41693.0,16.45,16.548,-0.098,-0.138,0.08,0,9,12,7,229,
2017-05-25 10:30:00,1001,sz002310,16.44,16.23,16.52,16.2,m30,42941.0,16.4,16.495,-0.095,-0.128,0.066,0,9,12,7,229,
2017-05-25 11:00:00,1002,sz002310,16.22,16.17,16.31,16.11,m30,45755.0,16.342,16.436,-0.094,-0.119,0.05,0,9,12,7,229,
2017-05-25 11:30:00,1003,sz002310,16.17,16.2,16.26,16.13,m30,15366.0,16.299,16.389,-0.09,-0.11,0.04,0,9,12,7,229,
2017-05-25 13:30:00,1004,sz002310,16.2,16.25,16.34,16.2,m30,12166.0,16.279,16.36,-0.081,-0.101,0.04,0,9,12,7,229,
2017-05-25 14:00:00,1005,sz002310,16.24,16.59,16.61,16.23,m30,33426.0,16.27,16.34,-0.07,-0.092,0.044,0,9,12,7,229,
2017-05-25 14:30:00,1006,sz002310,16.59,16.68,16.68,16.46,m30,26610.0,16.308,16.358,-0.05,-0.083,0.066,0,9,12,7,229,
2017-05-25 15:00:00,1007,sz002310,16.68,16.49,16.68,16.46,m30,36023.0,16.338,16.374,-0.036,-0.074,0.076,0,9,12,7,229,
2017-05-26 10:00:00,1008,sz002310,16.54,16.6,16.65,16.47,m30,40709.0,16.365,16.389,-0.024,-0.064,0.08,0,9,12,7,229,
2017-05-26 10:30:00,1009,sz002310,16.6,16.69,16.74,16.55,m30,31477.0,16.402,16.413,-0.011,-0.052,0.082,0,9,12,7,229,
2017-05-26 11:00:00,1010,sz002310,16.69,16.56,16.7,16.55,m30,15089.0,16.431,16.434,-0.003,-0.039,0.072,0,9,12,7,229,
2017-05-26 11:30:00,1011,sz002310,16.57,16.53,16.58,16.49,m30,15178.0,16.443,16.443,0.0,-0.028,0.056,0,9,12,7,229,
2017-05-26 13:30:00,1012,sz002310,16.53,16.46,16.55,16.34,m30,23328.0,16.422,16.427,-0.005,-0.018,0.026,0,9,12,7,229,
2017-05-26 14:00:00,1013,sz002310,16.46,16.43,16.49,16.36,m30,15975.0,16.41,16.417,-0.007,-0.012,0.01,-1,9,12,7,229,"MS_Sale quo:0.7, ga:0.3"
2017-05-26 14:30:00,1014,sz002310,16.43,16.3,16.45,16.23,m30,49850.0,16.374,16.388,-0.014,-0.009,-0.01,0,9,12,7,229,
2017-05-26 15:00:00,1015,sz002310,16.3,16.0,16.34,15.98,m30,85890.0,16.295,16.325,-0.03,-0.01,-0.04,0,9,12,7,229,
2017-05-31 10:00:00,1016,sz002310,16.28,16.09,16.39,16.02,m30,65001.0,16.24,16.278,-0.038,-0.014,-0.048,0,9,12,7,229,
2017-05-31 10:30:00,1017,sz002310,16.09,15.97,16.1,15.91,m30,35992.0,16.174,16.222,-0.048,-0.02,-0.056,0,9,12,7,229,
2017-05-31 11:00:00,1018,sz002310,15.97,16.03,16.09,15.95,m30,19994.0,16.129,16.18,-0.051,-0.028,-0.046,0,9,12,7,229,
2017-05-31 11:30:00,1019,sz002310,16.03,16.0,16.03,15.96,m30,13748.0,16.095,16.146,-0.051,-0.034,-0.034,0,9,12,7,229,
2017-05-31 13:30:00,1020,sz002310,16.0,16.24,16.25,16.0,m30,46273.0,16.076,16.124,-0.048,-0.04,-0.016,0,9,12,7,229,
2017-05-31 14:00:00,1021,sz002310,16.24,16.19,16.27,16.12,m30,21122.0,16.085,16.123,-0.038,-0.043,0.01,0,9,12,7,229,"DSB_AR quo:0.7, ga:0.3"
2017-05-31 14:30:00,1022,sz002310,16.19,16.08,16.19,16.04,m30,14482.0,16.076,16.11,-0.034,-0.044,0.02,0,9,12,7,229,
2017-05-31 15:00:00,1023,sz002310,16.08,16.02,16.09,16.0,m30,22452.0,16.061,16.093,-0.032,-0.043,0.022,0,9,12,7,229,
2017-06-01 09:30:00,1024,sz002310,15.73,15.65,15.76,15.61,m30,18292.0,15.971,16.019,-0.048,-0.043,-0.01,0,9,12,7,229,
2017-06-01 10:00:00,1025,sz002310,15.73,15.83,15.9,15.61,m30,99225.0,15.899,15.956,-0.057,-0.044,-0.026,0,9,12,7,229,
2017-06-01 10:30:00,1026,sz002310,15.83,15.71,15.87,15.63,m30,47095.0,15.845,15.906,-0.061,-0.045,-0.032,0,9,12,7,229,
2017-06-01 11:00:00,1027,sz002310,15.72,15.69,15.74,15.66,m30,23854.0,15.808,15.868,-0.06,-0.047,-0.026,0,9,12,7,229,
2017-06-01 11:30:00,1028,sz002310,15.69,15.62,15.71,15.62,m30,28923.0,15.77,15.83,-0.06,-0.05,-0.02,0,9,12,7,229,
2017-06-01 13:30:00,1029,sz002310,15.62,15.81,15.87,15.59,m30,49594.0,15.734,15.793,-0.059,-0.054,-0.01,0,9,12,7,229,
2017-06-01 14:00:00,1030,sz002310,15.81,15.74,15.81,15.73,m30,19270.0,15.733,15.783,-0.05,-0.056,0.012,0,9,12,7,229,"DSB_AR quo:0.7, ga:0.3"
2017-06-01 14:30:00,1031,sz002310,15.75,15.62,15.76,15.56,m30,47837.0,15.699,15.749,-0.05,-0.057,0.014,0,9,12,7,229,
2017-06-01 15:00:00,1032,sz002310,15.62,15.41,15.65,15.3,m30,87433.0,15.619,15.68,-0.061,-0.057,-0.008,0,9,12,7,229,
2017-06-02 09:30:00,1033,sz002310,15.34,15.18,15.36,15.15,m30,6810.0,15.525,15.598,-0.073,-0.059,-0.028,0,9,12,7,229,
2017-06-02 10:00:00,1034,sz002310,15.34,14.89,15.36,14.77,m30,109209.0,15.374,15.471,-0.097,-0.064,-0.066,0,9,12,7,229,
2017-06-02 10:30:00,1035,sz002310,14.88,14.7,14.89,14.43,m30,82679.0,15.185,15.311,-0.126,-0.074,-0.104,0,9,12,7,229,
2017-06-02 11:00:00,1036,sz002310,14.7,15.07,15.08,14.68,m30,62611.0,15.084,15.214,-0.13,-0.084,-0.092,0,9,12,7,229,
2017-06-02 11:30:00,1037,sz002310,15.06,15.26,15.28,15.03,m30,50185.0,15.073,15.185,-0.112,-0.093,-0.038,0,9,12,7,229,
2017-06-02 13:30:00,1038,sz002310,15.26,15.15,15.26,14.97,m30,28478.0,15.053,15.152,-0.099,-0.1,0.002,0,9,12,7,229,"DSB_AR quo:0.7, ga:0.3"
2017-06-02 14:00:00,1039,sz002310,15.15,15.38,15.45,15.08,m30,66566.0,15.058,15.141,-0.083,-0.103,0.04,1,9,12,7,229,"ReBuy quo:0.7, ga:0.3"
2017-06-02 14:30:00,1040,sz002310,15.37,15.39,15.44,15.22,m30,37584.0,15.091,15.153,-0.062,-0.101,0.078,0,9,12,7,229,
2017-06-02 15:00:00,1041,sz002310,15.36,15.59,15.63,15.36,m30,72861.0,15.144,15.185,-0.041,-0.093,0.104,0,9,12,7,229,
2017-06-05 09:30:00,1042,sz002310,15.55,15.55,15.56,15.41,m30,6232.0,15.198,15.22,-0.022,-0.078,0.112,0,9,12,7,229,
2017-06-05 10:00:00,1043,sz002310,15.55,15.92,16.0,15.41,m30,84094.0,15.24,15.249,-0.009,-0.061,0.104,0,9,12,7,229,
2017-06-05 10:30:00,1044,sz002310,15.92,16.05,16.08,15.92,m30,45710.0,15.376,15.352,0.024,-0.042,0.132,0,9,12,7,229,
2017-06-05 11:00:00,1045,sz002310,16.05,16.0,16.06,15.9,m30,24822.0,15.481,15.436,0.045,-0.021,0.132,0,9,12,7,229,
2017-06-05 11:30:00,1046,sz002310,16.0,15.92,16.06,15.9,m30,16203.0,15.565,15.508,0.057,-0.001,0.116,0,9,12,7,229,
2017-06-05 13:30:00,1047,sz002310,15.92,16.01,16.01,15.92,m30,13478.0,15.636,15.571,0.065,0.017,0.096,0,9,12,7,229,
2017-06-05 14:00:00,1048,sz002310,16.01,16.0,16.02,15.96,m30,11603.0,15.701,15.631,0.07,0.033,0.074,0,9,12,7,229,
2017-06-05 14:30:00,1049,sz002310,16.0,16.0,16.03,16.0,m30,10350.0,15.76,15.688,0.072,0.046,0.052,0,9,12,7,229,
2017-06-05 15:00:00,1050,sz002310,16.0,16.0,16.02,15.98,m30,23834.0,15.804,15.733,0.071,0.058,0.026,-1,9,12,7,229,"MS_Sale quo:0.7, ga:0.3"
2017-06-06 09:30:00,1051,sz002310,16.0,15.9,16.0,15.86,m30,1413.0,15.815,15.752,0.063,0.063,0.0,0,9,12,7,229,
2017-06-06 10:00:00,1052,sz002310,16.0,16.09,16.21,15.86,m30,41428.0,15.824,15.769,0.055,0.065,-0.02,0,9,12,7,229,
2017-06-06 10:30:00,1053,sz002310,16.09,16.08,16.12,16.04,m30,14411.0,15.868,15.811,0.057,0.065,-0.016,0,9,12,7,229,
2017-06-06 11:00:00,1054,sz002310,16.08,16.17,16.2,16.04,m30,21446.0,15.902,15.846,0.056,0.063,-0.014,0,9,12,7,229,
2017-06-06 11:30:00,1055,sz002310,16.17,16.29,16.34,16.16,m30,31802.0,15.954,15.894,0.06,0.062,-0.004,0,9,12,7,229,
2017-06-06 13:30:00,1056,sz002310,16.29,16.45,16.45,16.27,m30,33144.0,16.017,15.952,0.065,0.061,0.008,0,9,12,7,229,"DSB_AR quo:0.7, ga:0.3"
2017-06-06 14:00:00,1057,sz002310,16.45,16.42,16.57,16.39,m30,45706.0,16.092,16.019,0.073,0.061,0.024,0,9,12,7,229,
2017-06-06 14:30:00,1058,sz002310,16.42,16.35,16.45,16.31,m30,20609.0,16.135,16.064,0.071,0.062,0.018,0,9,12,7,229,
2017-06-06 15:00:00,1059,sz002310,16.35,16.44,16.5,16.32,m30,26441.0,16.172,16.103,0.069,0.064,0.01,0,9,12,7,229,
2017-06-07 09:30:00,1060,sz002310,16.25,16.3,16.31,16.19,m30,7097.0,16.176,16.117,0.059,0.065,-0.012,0,9,12,7,229,
2017-06-07 10:00:00,1061,sz002310,16.25,16.59,16.6,16.19,m30,70609.0,16.179,16.128,0.051,0.064,-0.026,0,9,12,7,229,
2017-06-07 10:30:00,1062,sz002310,16.59,16.93,17.02,16.56,m30,90951.0,16.255,16.195,0.06,0.064,-0.008,0,9,12,7,229,
2017-06-07 11:00:00,1063,sz002310,16.93,17.09,17.11,16.85,m30,61011.0,16.374,16.295,0.079,0.066,0.026,1,9,12,7,229,"DSB quo:0.7, ga:0.3"
2017-06-07 11:30:00,1064,sz002310,17.09,16.94,17.12,16.91,m30,31518.0,16.481,16.39,0.091,0.069,0.044,0,9,12,7,229,
2017-06-07 13:30:00,1065,sz002310,16.94,17.23,17.23,16.92,m30,46739.0,16.569,16.471,0.098,0.072,0.052,0,9,12,7,229,
2017-06-07 14:00:00,1066,sz002310,17.24,17.06,17.28,17.06,m30,37801.0,16.667,16.562,0.105,0.078,0.054,0,9,12,7,229,
2017-06-07 14:30:00,1067,sz002310,17.07,17.12,17.12,17.06,m30,14623.0,16.746,16.639,0.107,0.084,0.046,0,9,12,7,229,
2017-06-07 15:00:00,1068,sz002310,17.11,16.98,17.14,16.98,m30,38324.0,16.793,16.691,0.102,0.092,0.02,0,9,12,7,229,
2017-06-08 09:30:00,1069,sz002310,17.02,17.03,17.1,17.02,m30,2939.0,16.838,16.742,0.096,0.097,-0.002,-1,9,12,7,229,"MS_Sale quo:0.7, ga:0.3"
2017-06-08 10:00:00,1070,sz002310,17.02,16.95,17.1,16.8,m30,39063.0,16.83,16.751,0.079,0.097,-0.036,0,9,12,7,229,
2017-06-08 10:30:00,1071,sz002310,16.95,16.85,16.95,16.77,m30,36228.0,16.818,16.754,0.064,0.093,-0.058,0,9,12,7,229,
2017-06-08 11:00:00,1072,sz002310,16.85,16.83,16.9,16.78,m30,13954.0,16.811,16.758,0.053,0.087,-0.068,0,9,12,7,229,
2017-06-08 11:30:00,1073,sz002310,16.83,16.84,16.92,16.81,m30,9886.0,16.811,16.766,0.045,0.078,-0.066,0,9,12,7,229,
2017-06-08 13:30:00,1074,sz002310,16.84,16.84,16.88,16.81,m30,7674.0,16.81,16.773,0.037,0.068,-0.062,0,9,12,7,229,
2017-06-08 14:00:00,1075,sz002310,16.82,16.82,16.85,16.77,m30,20624.0,16.802,16.772,0.03,0.058,-0.056,0,9,12,7,229,
2017-06-08 14:30:00,1076,sz002310,16.82,16.98,17.03,16.8,m30,20622.0,16.802,16.776,0.026,0.048,-0.044,0,9,12,7,229,
2017-06-08 15:00:00,1077,sz002310,16.97,17.07,17.07,16.89,m30,41065.0,16.82,16.794,0.026,0.04,-0.028,0,9,12,7,229,
2017-06-09 10:00:00,1078,sz002310,16.87,16.73,16.99,16.72,m30,31269.0,16.8,16.783,0.017,0.033,-0.032,0,9,12,7,229,
2017-06-09 10:30:00,1079,sz002310,16.73,16.69,16.75,16.68,m30,32398.0,16.776,16.767,0.009,0.027,-0.036,0,9,12,7,229,
2017-06-09 11:00:00,1080,sz002310,16.69,16.59,16.72,16.54,m30,39772.0,16.729,16.732,-0.003,0.02,-0.046,0,9,12,7,229,
2017-06-09 11:30:00,1081,sz002310,16.59,16.62,16.7,16.57,m30,14059.0,16.697,16.707,-0.01,0.014,-0.048,0,9,12,7,229,
2017-06-09 13:30:00,1082,sz002310,16.62,16.68,16.71,16.6,m30,11275.0,16.677,16.691,-0.014,0.007,-0.042,0,9,12,7,229,
2017-06-09 14:00:00,1083,sz002310,16.68,16.73,16.81,16.65,m30,13312.0,16.672,16.684,-0.012,0.002,-0.028,0,9,12,7,229,
2017-06-09 14:30:00,1084,sz002310,16.73,16.75,16.85,16.72,m30,14816.0,16.682,16.69,-0.008,-0.003,-0.01,0,9,12,7,229,
2017-06-09 15:00:00,1085,sz002310,16.75,16.78,16.78,16.7,m30,27444.0,16.685,16.691,-0.006,-0.006,0.0,0,9,12,7,229,
2017-06-12 10:00:00,1086,sz002310,16.63,16.89,16.9,16.61,m30,30304.0,16.67,16.679,-0.009,-0.009,0.0,0,9,12,7,229,
2017-06-12 10:30:00,1087,sz002310,16.9,16.74,16.91,16.71,m30,19315.0,16.678,16.684,-0.006,-0.009,0.006,0,9,12,7,229,
2017-06-12 11:00:00,1088,sz002310,16.74,16.7,16.8,16.66,m30,23024.0,16.675,16.68,-0.005,-0.009,0.008,0,9,12,7,229,
2017-06-12 11:30:00,1089,sz002310,16.71,16.73,16.8,16.69,m30,7340.0,16.678,16.682,-0.004,-0.007,0.006,0,9,12,7,229,
2017-06-12 13:30:00,1090,sz002310,16.73,16.79,16.79,16.69,m30,5338.0,16.68,16.683,-0.003,-0.006,0.006,0,9,12,7,229,
2017-06-12 14:00:00,1091,sz002310,16.8,16.85,16.93,16.75,m30,21970.0,16.694,16.693,0.001,-0.005,0.012,0,9,12,7,229,
2017-06-12 14:30:00,1092,sz002310,16.85,16.8,16.85,16.79,m30,9732.0,16.713,16.708,0.005,-0.003,0.016,0,9,12,7,229,
2017-06-12 15:00:00,1093,sz002310,16.8,16.73,16.81,16.72,m30,12845.0,16.715,16.71,0.005,-0.001,0.012,0,9,12,7,229,
2017-06-13 10:00:00,1094,sz002310,16.75,16.87,16.87,16.67,m30,11188.0,16.706,16.704,0.002,0.0,0.004,0,9,12,7,229,
2017-06-13 10:30:00,1095,sz002310,16.86,16.79,16.87,16.78,m30,11745.0,16.721,16.715,0.006,0.002,0.008,0,9,12,7,229,
2017-06-13 11:00:00,1096,sz002310,16.78,16.7,16.8,16.7,m30,10018.0,16.716,16.713,0.003,0.003,0.0,0,9,12,7,229,
2017-06-13 11:30:00,1097,sz002310,16.69,16.79,16.82,16.66,m30,14125.0,16.705,16.705,0.0,0.003,-0.006,0,9,12,7,229,
2017-06-13 13:30:00,1098,sz002310,16.79,16.82,16.82,16.73,m30,10830.0,16.71,16.709,0.001,0.003,-0.004,0,9,12,7,229,
2017-06-13 14:00:00,1099,sz002310,16.82,16.88,16.92,16.79,m30,16679.0,16.726,16.721,0.005,0.003,0.004,0,9,12,7,229,"DSB_AR quo:0.7, ga:0.3"
2017-06-13 14:30:00,1100,sz002310,16.88,16.99,17.04,16.87,m30,31171.0,16.755,16.744,0.011,0.004,0.014,1,9,12,7,229,"ReBuy quo:0.7, ga:0.3"
2017-06-13 15:00:00,1101,sz002310,16.99,16.91,16.99,16.89,m30,17702.0,16.782,16.767,0.015,0.006,0.018,0,9,12,7,229,
2017-06-14 10:00:00,1102,sz002310,16.91,16.92,17.04,16.85,m30,19392.0,16.796,16.779,0.017,0.007,0.02,0,9,12,7,229,
2017-06-14 10:30:00,1103,sz002310,16.92,16.86,16.97,16.82,m30,19947.0,16.8,16.786,0.014,0.009,0.01,0,9,12,7,229,
2017-06-14 11:00:00,1104,sz002310,16.87,16.86,16.93,16.85,m30,11254.0,16.81,16.796,0.014,0.011,0.006,0,9,12,7,229,
2017-06-14 11:30:00,1105,sz002310,16.86,16.91,16.95,16.84,m30,10835.0,16.816,16.802,0.014,0.013,0.002,-1,9,12,7,229,"MS_Sale quo:0.7, ga:0.3"
2017-06-14 13:30:00,1106,sz002310,16.91,17.37,17.77,16.91,m30,135687.0,16.835,16.819,0.016,0.014,0.004,0,9,12,7,229,
2017-06-14 14:00:00,1107,sz002310,17.37,17.26,17.42,17.2,m30,28819.0,16.908,16.878,0.03,0.017,0.026,0,9,12,7,229,
2017-06-14 14:30:00,1108,sz002310,17.25,17.34,17.38,17.21,m30,32818.0,16.968,16.929,0.039,0.021,0.036,0,9,12,7,229,
2017-06-14 15:00:00,1109,sz002310,17.33,17.25,17.36,17.23,m30,30152.0,17.021,16.975,0.046,0.025,0.042,0,9,12,7,229,
2017-06-15 10:00:00,1110,sz002310,17.23,17.27,17.32,17.08,m30,40748.0,17.033,16.991,0.042,0.029,0.026,0,9,12,7,229,
2017-06-15 10:30:00,1111,sz002310,17.28,17.23,17.29,17.14,m30,21859.0,17.054,17.014,0.04,0.032,0.016,0,9,12,7,229,
2017-06-15 11:00:00,1112,sz002310,17.25,17.28,17.32,17.22,m30,16238.0,17.087,17.046,0.041,0.036,0.01,0,9,12,7,229,
2017-06-15 11:30:00,1113,sz002310,17.28,17.2,17.3,17.18,m30,9480.0,17.106,17.066,0.04,0.04,0.0,0,9,12,7,229,
2017-06-15 13:30:00,1114,sz002310,17.2,17.23,17.27,17.19,m30,9577.0,17.123,17.085,0.038,0.041,-0.006,0,9,12,7,229,
2017-06-15 14:00:00,1115,sz002310,17.23,17.19,17.25,17.13,m30,18348.0,17.124,17.092,0.032,0.04,-0.016,0,9,12,7,229,
2017-06-15 14:30:00,1116,sz002310,17.19,17.09,17.19,17.05,m30,38797.0,17.109,17.086,0.023,0.037,-0.028,0,9,12,7,229,
2017-06-15 15:00:00,1117,sz002310,17.08,17.1,17.13,17.04,m30,24770.0,17.095,17.079,0.016,0.033,-0.034,0,9,12,7,229,
2017-06-16 10:00:00,1118,sz002310,17.05,16.88,17.09,16.83,m30,36500.0,17.042,17.04,0.002,0.027,-0.05,0,9,12,7,229,
2017-06-16 10:30:00,1119,sz002310,16.88,16.97,17.04,16.85,m30,13985.0,17.004,17.011,-0.007,0.021,-0.056,0,9,12,7,229,
2017-06-16 11:00:00,1120,sz002310,16.97,16.93,16.98,16.84,m30,17526.0,16.971,16.985,-0.014,0.013,-0.054,0,9,12,7,229,
2017-06-16 11:30:00,1121,sz002310,16.92,16.9,16.95,16.88,m30,6813.0,16.953,16.969,-0.016,0.005,-0.042,0,9,12,7,229,
2017-06-16 13:30:00,1122,sz002310,16.9,16.87,16.9,16.85,m30,10723.0,16.932,16.95,-0.018,-0.002,-0.032,0,9,12,7,229,
2017-06-16 14:00:00,1123,sz002310,16.87,16.9,16.95,16.86,m30,9195.0,16.918,16.937,-0.019,-0.008,-0.022,0,9,12,7,229,
2017-06-16 14:30:00,1124,sz002310,16.9,16.98,17.01,16.89,m30,12645.0,16.912,16.929,-0.017,-0.013,-0.008,0,9,12,7,229,
2017-06-16 15:00:00,1125,sz002310,16.98,16.93,16.99,16.91,m30,16373.0,16.912,16.926,-0.014,-0.015,0.002,0,9,12,7,229,"DSB_AR quo:0.7, ga:0.3"
2017-06-19 10:00:00,1126,sz002310,16.9,16.77,16.92,16.69,m30,31555.0,16.867,16.89,-0.023,-0.017,-0.012,0,9,12,7,229,
2017-06-19 10:30:00,1127,sz002310,16.75,16.8,16.83,16.7,m30,16747.0,16.834,16.861,-0.027,-0.019,-0.016,0,9,12,7,229,
2017-06-19 11:00:00,1128,sz002310,16.8,16.86,16.87,16.78,m30,8961.0,16.823,16.848,-0.025,-0.02,-0.01,0,9,12,7,229,
2017-06-19 11:30:00,1129,sz002310,16.86,17.01,17.01,16.84,m30,13825.0,16.827,16.847,-0.02,-0.021,0.002,0,9,12,7,229,"DSB_AR quo:0.7, ga:0.3"
2017-06-19 13:30:00,1130,sz002310,17.01,16.99,17.02,16.97,m30,11690.0,16.855,16.866,-0.011,-0.02,0.018,1,9,12,7,229,"ReBuy quo:0.7, ga:0.3"
2017-06-19 14:00:00,1131,sz002310,16.99,16.96,17.0,16.95,m30,8318.0,16.874,16.879,-0.005,-0.018,0.026,0,9,12,7,229,
2017-06-19 14:30:00,1132,sz002310,16.96,17.03,17.07,16.95,m30,13131.0,16.889,16.89,-0.001,-0.016,0.03,0,9,12,7,229,
2017-06-19 15:00:00,1133,sz002310,17.01,17.18,17.18,17.01,m30,36058.0,16.913,16.908,0.005,-0.012,0.034,0,9,12,7,229,
2017-06-20 10:00:00,1134,sz002310,17.27,17.48,17.6,17.27,m30,71897.0,16.985,16.964,0.021,-0.005,0.052,0,9,12,7,229,
2017-06-20 10:30:00,1135,sz002310,17.49,17.57,17.66,17.48,m30,44744.0,17.084,17.043,0.041,0.004,0.074,0,9,12,7,229,
2017-06-20 11:00:00,1136,sz002310,17.57,17.57,17.62,17.47,m30,19426.0,17.161,17.109,0.052,0.015,0.074,0,9,12,7,229,
2017-06-20 11:30:00,1137,sz002310,17.57,17.59,17.61,17.54,m30,9525.0,17.237,17.175,0.062,0.025,0.074,0,9,12,7,229,
2017-06-20 13:30:00,1138,sz002310,17.59,17.55,17.59,17.49,m30,9088.0,17.287,17.224,0.063,0.035,0.056,0,9,12,7,229,
2017-06-20 14:00:00,1139,sz002310,17.55,17.56,17.65,17.51,m30,21992.0,17.332,17.268,0.064,0.044,0.04,0,9,12,7,229,
2017-06-20 14:30:00,1140,sz002310,17.56,17.49,17.6,17.46,m30,14867.0,17.358,17.297,0.061,0.052,0.018,-1,9,12,7,229,"MS_Sale quo:0.7, ga:0.3"
2017-06-20 15:00:00,1141,sz002310,17.49,17.48,17.52,17.47,m30,22336.0,17.38,17.324,0.056,0.057,-0.002,0,9,12,7,229,
2017-06-21 10:00:00,1142,sz002310,17.5,17.53,17.64,17.36,m30,26498.0,17.376,17.329,0.047,0.058,-0.022,0,9,12,7,229,
2017-06-21 10:30:00,1143,sz002310,17.53,17.59,17.63,17.52,m30,19218.0,17.405,17.359,0.046,0.057,-0.022,0,9,12,7,229,
2017-06-21 11:00:00,1144,sz002310,17.58,17.51,17.58,17.47,m30,11315.0,17.418,17.376,0.042,0.054,-0.024,0,9,12,7,229,
2017-06-21 11:30:00,1145,sz002310,17.51,17.42,17.52,17.41,m30,13167.0,17.416,17.381,0.035,0.05,-0.03,0,9,12,7,229,
2017-06-21 13:30:00,1146,sz002310,17.42,17.31,17.43,17.28,m30,16228.0,17.389,17.366,0.023,0.044,-0.042,0,9,12,7,229,
2017-06-21 14:00:00,1147,sz002310,17.31,17.43,17.44,17.3,m30,9388.0,17.371,17.355,0.016,0.038,-0.044,0,9,12,7,229,
2017-06-21 14:30:00,1148,sz002310,17.43,17.36,17.44,17.34,m30,8637.0,17.365,17.353,0.012,0.032,-0.04,0,9,12,7,229,
2017-06-21 15:00:00,1149,sz002310,17.36,17.48,17.48,17.35,m30,16319.0,17.362,17.353,0.009,0.026,-0.034,0,9,12,7,229,
2017-06-22 10:00:00,1150,sz002310,17.6,17.41,17.66,17.37,m30,20288.0,17.364,17.355,0.009,0.021,-0.024,0,9,12,7,229,
2017-06-22 10:30:00,1151,sz002310,17.41,17.49,17.51,17.41,m30,9766.0,17.373,17.364,0.009,0.016,-0.014,0,9,12,7,229,
2017-06-22 11:00:00,1152,sz002310,17.49,17.43,17.5,17.37,m30,11818.0,17.372,17.365,0.007,0.012,-0.01,0,9,12,7,229,
2017-06-22 11:30:00,1153,sz002310,17.44,17.52,17.53,17.42,m30,11019.0,17.382,17.373,0.009,0.01,-0.002,0,9,12,7,229,
2017-06-22 13:30:00,1154,sz002310,17.52,17.53,17.62,17.48,m30,13840.0,17.401,17.39,0.011,0.009,0.004,0,9,12,7,229,"DSB_AR quo:0.7, ga:0.3"
2017-06-22 14:00:00,1155,sz002310,17.53,17.49,17.57,17.48,m30,9228.0,17.417,17.404,0.013,0.01,0.006,0,9,12,7,229,
2017-06-22 14:30:00,1156,sz002310,17.51,17.44,17.52,17.41,m30,11849.0,17.416,17.405,0.011,0.01,0.002,0,9,12,7,229,
2017-06-22 15:00:00,1157,sz002310,17.44,17.08,17.44,17.07,m30,41656.0,17.347,17.353,-0.006,0.008,-0.028,0,9,12,7,229,
2017-06-23 10:00:00,1158,sz002310,17.05,16.96,17.05,16.8,m30,24348.0,17.237,17.268,-0.031,0.002,-0.066,0,9,12,7,229,
2017-06-23 10:30:00,1159,sz002310,16.96,17.16,17.19,16.96,m30,11451.0,17.182,17.221,-0.039,-0.005,-0.068,0,9,12,7,229,
2017-06-23 11:00:00,1160,sz002310,17.16,17.15,17.16,17.05,m30,9211.0,17.155,17.194,-0.039,-0.011,-0.056,0,9,12,7,229,
2017-06-23 11:30:00,1161,sz002310,17.15,16.88,17.15,16.86,m30,14020.0,17.096,17.143,-0.047,-0.02,-0.054,0,9,12,7,229,
2017-06-23 13:30:00,1162,sz002310,16.88,16.88,16.91,16.8,m30,15485.0,17.037,17.09,-0.053,-0.029,-0.048,0,9,12,7,229,
2017-06-23 14:00:00,1163,sz002310,16.88,16.88,16.91,16.8,m30,12439.0,16.99,17.046,-0.056,-0.039,-0.034,0,9,12,7,229,
2017-06-23 14:30:00,1164,sz002310,16.88,16.97,17.03,16.82,m30,13344.0,16.956,17.011,-0.055,-0.046,-0.018,0,9,12,7,229,
2017-06-23 15:00:00,1165,sz002310,16.97,17.06,17.1,16.96,m30,31324.0,16.957,17.003,-0.046,-0.048,0.004,0,9,12,7,229,"DSB_AR quo:0.7, ga:0.3"
2017-06-26 10:00:00,1166,sz002310,17.06,16.99,17.18,16.94,m30,29005.0,16.953,16.993,-0.04,-0.048,0.016,1,9,12,7,229,"ReBuy quo:0.7, ga:0.3"
2017-06-26 10:30:00,1167,sz002310,16.98,17.04,17.1,16.91,m30,16005.0,16.945,16.98,-0.035,-0.047,0.024,0,9,12,7,229,
2017-06-26 11:00:00,1168,sz002310,17.04,17.06,17.15,17.0,m30,14600.0,16.956,16.983,-0.027,-0.045,0.036,0,9,12,7,229,
2017-06-26 11:30:00,1169,sz002310,17.06,17.3,17.33,17.05,m30,25747.0,16.975,16.994,-0.019,-0.04,0.042,0,9,12,7,229,
2017-06-26 13:30:00,1170,sz002310,17.3,17.28,17.33,17.25,m30,11628.0,17.03,17.033,-0.003,-0.032,0.058,0,9,12,7,229,
2017-06-26 14:00:00,1171,sz002310,17.28,17.36,17.39,17.24,m30,17294.0,17.072,17.065,0.007,-0.023,0.06,0,9,12,7,229,
2017-06-26 14:30:00,1172,sz002310,17.36,17.4,17.44,17.25,m30,22105.0,17.107,17.093,0.014,-0.015,0.058,0,9,12,7,229,
2017-06-26 15:00:00,1173,sz002310,17.4,17.45,17.49,17.38,m30,37876.0,17.162,17.138,0.024,-0.006,0.06,0,9,12,7,229,
2017-06-27 10:00:00,1174,sz002310,17.41,17.34,17.65,17.33,m30,42425.0,17.196,17.167,0.029,0.004,0.05,0,9,12,7,229,
2017-06-27 10:30:00,1175,sz002310,17.34,17.44,17.48,17.33,m30,9100.0,17.222,17.192,0.03,0.012,0.036,0,9,12,7,229,
2017-06-27 11:00:00,1176,sz002310,17.44,17.44,17.52,17.42,m30,14111.0,17.262,17.227,0.035,0.019,0.032,0,9,12,7,229,
2017-06-27 11:30:00,1177,sz002310,17.44,17.33,17.45,17.33,m30,12706.0,17.276,17.243,0.033,0.025,0.016,-1,9,12,7,229,"MS_Sale quo:0.7, ga:0.3"
2017-06-27 13:30:00,1178,sz002310,17.33,17.24,17.33,17.19,m30,23998.0,17.258,17.235,0.023,0.027,-0.008,0,9,12,7,229,
2017-06-27 14:00:00,1179,sz002310,17.24,17.24,17.33,17.22,m30,12796.0,17.251,17.233,0.018,0.027,-0.018,0,9,12,7,229,
2017-06-27 14:30:00,1180,sz002310,17.24,17.3,17.45,17.19,m30,21065.0,17.239,17.226,0.013,0.026,-0.026,0,9,12,7,229,
2017-06-27 15:00:00,1181,sz002310,17.32,17.29,17.35,17.25,m30,15808.0,17.241,17.23,0.011,0.023,-0.024,0,9,12,7,229,
2017-06-28 10:00:00,1182,sz002310,17.23,17.19,17.37,17.18,m30,27956.0,17.229,17.222,0.007,0.02,-0.026,0,9,12,7,229,
2017-06-28 10:30:00,1183,sz002310,17.2,17.16,17.23,17.05,m30,24606.0,17.193,17.196,-0.003,0.015,-0.036,0,9,12,7,229,
2017-06-28 11:00:00,1184,sz002310,17.16,17.08,17.16,17.05,m30,15814.0,17.164,17.173,-0.009,0.009,-0.036,0,9,12,7,229,
2017-06-28 11:30:00,1185,sz002310,17.08,17.24,17.25,17.07,m30,9508.0,17.145,17.157,-0.012,0.004,-0.032,0,9,12,7,229,
2017-06-28 13:30:00,1186,sz002310,17.24,17.15,17.25,17.15,m30,6062.0,17.146,17.156,-0.01,-0.0,-0.02,0,9,12,7,229,
2017-06-28 14:00:00,1187,sz002310,17.15,17.12,17.16,17.08,m30,10177.0,17.133,17.144,-0.011,-0.004,-0.014,0,9,12,7,229,
2017-06-28 14:30:00,1188,sz002310,17.12,17.12,17.18,17.1,m30,8660.0,17.126,17.138,-0.012,-0.007,-0.01,0,9,12,7,229,
2017-06-28 15:00:00,1189,sz002310,17.12,17.13,17.2,17.07,m30,15627.0,17.115,17.127,-0.012,-0.01,-0.004,0,9,12,7,229,
2017-06-29 10:00:00,1190,sz002310,17.13,17.17,17.23,17.12,m30,15812.0,17.116,17.126,-0.01,-0.011,0.002,0,9,12,7,229,"DSB_AR quo:0.7, ga:0.3"
2017-06-29 10:30:00,1191,sz002310,17.17,17.1,17.19,17.07,m30,16730.0,17.107,17.117,-0.01,-0.011,0.002,0,9,12,7,229,
2017-06-29 11:00:00,1192,sz002310,17.1,17.08,17.11,17.02,m30,8600.0,17.09,17.102,-0.012,-0.011,-0.002,0,9,12,7,229,
2017-06-29 11:30:00,1193,sz002310,17.07,17.12,17.14,17.06,m30,8962.0,17.084,17.096,-0.012,-0.011,-0.002,0,9,12,7,229,
2017-06-29 13:30:00,1194,sz002310,17.12,17.12,17.14,17.1,m30,6840.0,17.087,17.097,-0.01,-0.011,0.002,0,9,12,7,229,"DSB_AR quo:0.7, ga:0.3"
2017-06-29 14:00:00,1195,sz002310,17.12,17.1,17.14,17.09,m30,5911.0,17.088,17.096,-0.008,-0.011,0.006,0,9,12,7,229,
2017-06-29 14:30:00,1196,sz002310,17.1,17.11,17.13,17.1,m30,7710.0,17.09,17.096,-0.006,-0.01,0.008,0,9,12,7,229,
2017-06-29 15:00:00,1197,sz002310,17.1,17.09,17.12,17.07,m30,15805.0,17.086,17.092,-0.006,-0.009,0.006,0,9,12,7,229,
2017-06-30 10:00:00,1198,sz002310,17.04,16.88,17.09,16.82,m30,51621.0,17.033,17.05,-0.017,-0.01,-0.014,0,9,12,7,229,
2017-06-30 10:30:00,1199,sz002310,16.88,16.65,16.89,16.59,m30,60369.0,16.944,16.98,-0.036,-0.014,-0.044,0,9,12,7,229,
2017-06-30 11:00:00,1200,sz002310,16.65,16.41,16.67,16.34,m30,64259.0,16.823,16.881,-0.058,-0.02,-0.076,0,9,12,7,229,
2017-06-30 11:30:00,1201,sz002310,16.42,16.64,16.65,16.41,m30,23489.0,16.741,16.809,-0.068,-0.028,-0.08,0,9,12,7,229,
2017-06-30 13:30:00,1202,sz002310,16.64,16.57,16.66,16.54,m30,8075.0,16.701,16.767,-0.066,-0.037,-0.058,0,9,12,7,229,
2017-06-30 14:00:00,1203,sz002310,16.57,16.74,16.75,16.56,m30,16037.0,16.672,16.735,-0.063,-0.045,-0.036,0,9,12,7,229,
2017-06-30 14:30:00,1204,sz002310,16.73,16.73,16.81,16.67,m30,22004.0,16.672,16.725,-0.053,-0.052,-0.002,0,9,12,7,229,
2017-06-30 15:00:00,1205,sz002310,16.73,16.72,16.76,16.68,m30,27039.0,16.674,16.718,-0.044,-0.055,0.022,1,9,12,7,229,"DSB quo:0.7, ga:0.3"
2017-07-03 10:00:00,1206,sz002310,16.71,16.66,16.73,16.45,m30,50156.0,16.629,16.677,-0.048,-0.057,0.018,0,9,12,7,229,
2017-07-03 10:30:00,1207,sz002310,16.66,16.67,16.73,16.61,m30,17382.0,16.625,16.667,-0.042,-0.055,0.026,0,9,12,7,229,
2017-07-03 11:00:00,1208,sz002310,16.67,16.67,16.7,16.62,m30,10128.0,16.624,16.66,-0.036,-0.05,0.028,0,9,12,7,229,
2017-07-03 11:30:00,1209,sz002310,16.67,16.78,16.78,16.61,m30,17920.0,16.621,16.652,-0.031,-0.045,0.028,0,9,12,7,229,
2017-07-03 13:30:00,1210,sz002310,16.78,16.88,16.95,16.77,m30,26303.0,16.651,16.67,-0.019,-0.039,0.04,0,9,12,7,229,
2017-07-03 14:00:00,1211,sz002310,16.88,16.9,16.94,16.85,m30,16714.0,16.691,16.698,-0.007,-0.032,0.05,0,9,12,7,229,
2017-07-03 14:30:00,1212,sz002310,16.9,16.88,16.92,16.85,m30,11666.0,16.723,16.721,0.002,-0.026,0.056,0,9,12,7,229,
2017-07-03 15:00:00,1213,sz002310,16.88,16.86,16.89,16.77,m30,16371.0,16.732,16.729,0.003,-0.019,0.044,0,9,12,7,229,
2017-07-04 10:00:00,1214,sz002310,16.9,17.15,17.24,16.9,m30,56488.0,16.766,16.755,0.011,-0.011,0.044,0,9,12,7,229,
2017-07-04 10:30:00,1215,sz002310,17.15,17.04,17.16,17.03,m30,23183.0,16.819,16.797,0.022,-0.003,0.05,0,9,12,7,229,
2017-07-04 11:00:00,1216,sz002310,17.04,17.02,17.09,16.99,m30,12585.0,16.853,16.827,0.026,0.005,0.042,0,9,12,7,229,
2017-07-04 11:30:00,1217,sz002310,17.02,16.99,17.03,16.96,m30,8325.0,16.874,16.847,0.027,0.012,0.03,0,9,12,7,229,
2017-07-04 13:30:00,1218,sz002310,16.98,16.88,16.98,16.85,m30,18148.0,16.869,16.848,0.021,0.016,0.01,-1,9,12,7,229,"MS_Sale quo:0.7, ga:0.3"
2017-07-04 14:00:00,1219,sz002310,16.88,16.82,16.93,16.82,m30,15394.0,16.86,16.844,0.016,0.018,-0.004,0,9,12,7,229,
2017-07-04 14:30:00,1220,sz002310,16.82,16.97,17.02,16.82,m30,18414.0,16.852,16.84,0.012,0.019,-0.014,0,9,12,7,229,
2017-07-04 15:00:00,1221,sz002310,16.97,17.01,17.03,16.95,m30,19277.0,16.871,16.857,0.014,0.02,-0.012,0,9,12,7,229,
2017-07-05 10:00:00,1222,sz002310,16.93,17.1,17.15,16.81,m30,26825.0,16.859,16.85,0.009,0.018,-0.018,0,9,12,7,229,
2017-07-05 10:30:00,1223,sz002310,17.1,17.05,17.1,16.99,m30,11676.0,16.885,16.871,0.014,0.016,-0.004,0,9,12,7,229,
2017-07-05 11:00:00,1224,sz002310,17.05,17.02,17.09,17.01,m30,8450.0,16.91,16.893,0.017,0.015,0.004,0,9,12,7,229,"DSB_AR quo:0.7, ga:0.3"
2017-07-05 11:30:00,1225,sz002310,17.03,17.01,17.05,16.98,m30,8582.0,16.924,16.906,0.018,0.014,0.008,0,9,12,7,229,
2017-07-05 13:30:00,1226,sz002310,17.01,16.96,17.05,16.95,m30,8210.0,16.929,16.913,0.016,0.014,0.004,0,9,12,7,229,
2017-07-05 14:00:00,1227,sz002310,16.96,17.04,17.06,16.96,m30,12778.0,16.935,16.92,0.015,0.015,0.0,0,9,12,7,229,
2017-07-05 14:30:00,1228,sz002310,17.04,17.09,17.11,17.0,m30,16967.0,16.948,16.932,0.016,0.015,0.002,0,9,12,7,229,
2017-07-05 15:00:00,1229,sz002310,17.09,17.12,17.16,17.08,m30,31062.0,16.975,16.955,0.02,0.017,0.006,0,9,12,7,229,
2017-07-06 10:00:00,1230,sz002310,17.1,17.38,17.46,17.02,m30,61942.0,16.984,16.965,0.019,0.017,0.004,0,9,12,7,229,
2017-07-06 10:30:00,1231,sz002310,17.38,17.43,17.43,17.37,m30,28474.0,17.061,17.027,0.034,0.02,0.028,0,9,12,7,229,
2017-07-06 11:00:00,1232,sz002310,17.43,17.46,17.54,17.43,m30,41757.0,17.135,17.089,0.046,0.024,0.044,0,9,12,7,229,
2017-07-06 11:30:00,1233,sz002310,17.46,17.4,17.48,17.38,m30,17807.0,17.184,17.134,0.05,0.029,0.042,0,9,12,7,229,
2017-07-06 13:30:00,1234,sz002310,17.4,17.33,17.4,17.29,m30,31447.0,17.205,17.158,0.047,0.033,0.028,0,9,12,7,229,
2017-07-06 14:00:00,1235,sz002310,17.33,17.43,17.48,17.32,m30,24722.0,17.228,17.183,0.045,0.037,0.016,0,9,12,7,229,
2017-07-06 14:30:00,1236,sz002310,17.43,17.47,17.47,17.38,m30,16770.0,17.258,17.213,0.045,0.041,0.008,0,9,12,7,229,
2017-07-06 15:00:00,1237,sz002310,17.46,17.45,17.49,17.43,m30,25898.0,17.293,17.247,0.046,0.045,0.002,0,9,12,7,229,
2017-07-07 10:00:00,1238,sz002310,17.4,17.57,17.72,17.34,m30,54255.0,17.302,17.261,0.041,0.046,-0.01,0,9,12,7,229,
2017-07-07 10:30:00,1239,sz002310,17.59,17.51,17.6,17.45,m30,23052.0,17.332,17.29,0.042,0.045,-0.006,0,9,12,7,229,
2017-07-07 11:00:00,1240,sz002310,17.52,17.51,17.55,17.46,m30,12048.0,17.357,17.316,0.041,0.044,-0.006,0,9,12,7,229,
2017-07-07 11:30:00,1241,sz002310,17.51,17.47,17.53,17.45,m30,8752.0,17.376,17.337,0.039,0.043,-0.008,0,9,12,7,229,
2017-07-07 13:30:00,1242,sz002310,17.47,17.5,17.52,17.44,m30,13952.0,17.389,17.353,0.036,0.041,-0.01,0,9,12,7,229,
2017-07-07 14:00:00,1243,sz002310,17.5,17.54,17.54,17.46,m30,12491.0,17.403,17.369,0.034,0.04,-0.012,0,9,12,7,229,
2017-07-07 14:30:00,1244,sz002310,17.54,17.55,17.6,17.52,m30,21262.0,17.426,17.392,0.034,0.038,-0.008,0,9,12,7,229,
2017-07-07 15:00:00,1245,sz002310,17.55,17.51,17.59,17.47,m30,28575.0,17.435,17.404,0.031,0.037,-0.012,0,9,12,7,229,
2017-07-10 10:00:00,1246,sz002310,17.49,18.03,18.03,17.41,m30,112067.0,17.43,17.405,0.025,0.034,-0.018,0,9,12,7,229,
2017-07-10 10:30:00,1247,sz002310,18.03,18.01,18.18,17.92,m30,60609.0,17.528,17.484,0.044,0.035,0.018,1,9,12,7,229,"DSB quo:0.7, ga:0.3"
2017-07-10 11:00:00,1248,sz002310,18.01,17.9,18.03,17.88,m30,26642.0,17.598,17.545,0.053,0.037,0.032,0,9,12,7,229,
2017-07-10 11:30:00,1249,sz002310,17.9,18.05,18.05,17.81,m30,24040.0,17.641,17.586,0.055,0.039,0.032,0,9,12,7,229,
2017-07-10 13:30:00,1250,sz002310,18.05,18.04,18.06,17.9,m30,22053.0,17.693,17.634,0.059,0.043,0.032,0,9,12,7,229,
2017-07-10 14:00:00,1251,sz002310,18.04,17.98,18.05,17.9,m30,16270.0,17.734,17.675,0.059,0.047,0.024,0,9,12,7,229,
2017-07-10 14:30:00,1252,sz002310,17.98,18.12,18.13,17.97,m30,35473.0,17.781,17.721,0.06,0.051,0.018,0,9,12,7,229,
2017-07-10 15:00:00,1253,sz002310,18.12,18.19,18.2,17.95,m30,71596.0,17.815,17.756,0.059,0.056,0.006,-9,9,12,7,229,"MS_RSSign quo:0.7, ga:0.3"
2017-07-11 10:00:00,1254,sz002310,18.05,17.98,18.33,17.94,m30,59489.0,17.84,17.784,0.056,0.057,-0.002,-1,9,12,7,229,"ReS quo:0.7, ga:0.3"
2017-07-11 10:30:00,1255,sz002310,17.98,18.1,18.14,17.95,m30,20337.0,17.862,17.81,0.052,0.057,-0.01,0,9,12,7,229,
2017-07-11 11:00:00,1256,sz002310,18.1,17.96,18.11,17.94,m30,19604.0,17.878,17.83,0.048,0.056,-0.016,0,9,12,7,229,
2017-07-11 11:30:00,1257,sz002310,17.95,17.87,17.97,17.84,m30,27070.0,17.87,17.831,0.039,0.053,-0.028,0,9,12,7,229,
2017-07-11 13:30:00,1258,sz002310,17.87,17.99,17.99,17.84,m30,15144.0,17.864,17.833,0.031,0.049,-0.036,0,9,12,7,229,
2017-07-11 14:00:00,1259,sz002310,17.99,18.08,18.09,17.99,m30,16736.0,17.889,17.857,0.032,0.045,-0.026,0,9,12,7,229,
2017-07-11 14:30:00,1260,sz002310,18.08,17.9,18.11,17.9,m30,22704.0,17.891,17.863,0.028,0.041,-0.026,0,9,12,7,229,
2017-07-11 15:00:00,1261,sz002310,17.89,17.79,17.93,17.74,m30,33862.0,17.861,17.844,0.017,0.035,-0.036,0,9,12,7,229,
2017-07-12 10:00:00,1262,sz002310,17.76,17.99,18.17,17.76,m30,64287.0,17.841,17.831,0.01,0.029,-0.038,0,9,12,7,229,
2017-07-12 10:30:00,1263,sz002310,17.99,17.96,18.05,17.81,m30,34025.0,17.835,17.828,0.007,0.023,-0.032,0,9,12,7,229,
2017-07-12 11:00:00,1264,sz002310,17.96,17.85,17.99,17.85,m30,25089.0,17.838,17.832,0.006,0.019,-0.026,0,9,12,7,229,
2017-07-12 11:30:00,1265,sz002310,17.85,17.81,17.91,17.81,m30,17070.0,17.832,17.828,0.004,0.015,-0.022,0,9,12,7,229,
2017-07-12 13:30:00,1266,sz002310,17.81,17.86,17.88,17.77,m30,20703.0,17.82,17.819,0.001,0.01,-0.018,0,9,12,7,229,
2017-07-12 14:00:00,1267,sz002310,17.86,17.9,17.93,17.84,m30,11009.0,17.824,17.822,0.002,0.007,-0.01,0,9,12,7,229,
2017-07-12 14:30:00,1268,sz002310,17.89,17.98,18.03,17.8,m30,19975.0,17.819,17.819,0.0,0.004,-0.008,0,9,12,7,229,
2017-07-12 15:00:00,1269,sz002310,17.97,18.01,18.03,17.95,m30,17662.0,17.845,17.839,0.006,0.004,0.004,0,9,12,7,229,"DSB_AR quo:0.7, ga:0.3"
2017-07-13 10:00:00,1270,sz002310,17.99,18.34,18.46,17.99,m30,74480.0,17.874,17.862,0.012,0.004,0.016,1,9,12,7,229,"ReBuy quo:0.7, ga:0.3"
2017-07-13 10:30:00,1271,sz002310,18.34,18.36,18.36,18.26,m30,23527.0,17.951,17.924,0.027,0.007,0.04,0,9,12,7,229,
2017-07-13 11:00:00,1272,sz002310,18.35,18.44,18.45,18.34,m30,25184.0,18.029,17.988,0.041,0.013,0.056,0,9,12,7,229,
2017-07-13 11:30:00,1273,sz002310,18.45,18.45,18.45,18.4,m30,22069.0,18.103,18.051,0.052,0.02,0.064,0,9,12,7,229,
2017-07-13 13:30:00,1274,sz002310,18.45,18.45,18.6,18.43,m30,50822.0,18.169,18.109,0.06,0.028,0.064,0,9,12,7,229,
2017-07-13 14:00:00,1275,sz002310,18.45,18.49,18.52,18.44,m30,17892.0,18.223,18.16,0.063,0.037,0.052,0,9,12,7,229,
2017-07-13 14:30:00,1276,sz002310,18.48,18.6,18.65,18.47,m30,38929.0,18.272,18.208,0.064,0.046,0.036,0,9,12,7,229,
2017-07-13 15:00:00,1277,sz002310,18.61,18.53,18.61,18.48,m30,34962.0,18.314,18.25,0.064,0.053,0.022,0,9,12,7,229,
2017-07-14 10:00:00,1278,sz002310,18.65,18.53,18.7,18.37,m30,49054.0,18.325,18.268,0.057,0.057,0.0,-1,9,12,7,229,"MS_Sale quo:0.7, ga:0.3"
2017-07-14 10:30:00,1279,sz002310,18.53,18.41,18.56,18.34,m30,32684.0,18.328,18.279,0.049,0.058,-0.018,0,9,12,7,229,
2017-07-14 11:00:00,1280,sz002310,18.39,18.36,18.47,18.36,m30,15889.0,18.334,18.292,0.042,0.057,-0.03,0,9,12,7,229,
2017-07-14 11:30:00,1281,sz002310,18.35,18.35,18.4,18.25,m30,53169.0,18.318,18.285,0.033,0.053,-0.04,0,9,12,7,229,
2017-07-14 13:30:00,1282,sz002310,18.35,18.31,18.42,18.23,m30,26346.0,18.3,18.277,0.023,0.047,-0.048,0,9,12,7,229,
2017-07-14 14:00:00,1283,sz002310,18.31,18.3,18.32,18.2,m30,23789.0,18.28,18.265,0.015,0.04,-0.05,0,9,12,7,229,
2017-07-14 14:30:00,1284,sz002310,18.29,18.34,18.37,18.26,m30,29208.0,18.276,18.264,0.012,0.033,-0.042,0,9,12,7,229,
2017-07-14 15:00:00,1285,sz002310,18.34,18.45,18.62,18.34,m30,43636.0,18.289,18.276,0.013,0.027,-0.028,0,9,12,7,229,
2017-07-17 10:00:00,1286,sz002310,18.25,17.49,18.25,16.81,m30,129163.0,17.993,18.05,-0.057,0.012,-0.138,0,9,12,7,229,
2017-07-17 10:30:00,1287,sz002310,17.49,17.61,17.66,17.4,m30,42362.0,17.874,17.95,-0.076,-0.005,-0.142,0,9,12,7,229,
2017-07-17 11:00:00,1288,sz002310,17.63,17.68,17.79,17.61,m30,14612.0,17.822,17.898,-0.076,-0.021,-0.11,0,9,12,7,229,
2017-07-17 11:30:00,1289,sz002310,17.68,17.49,17.74,17.47,m30,21269.0,17.751,17.832,-0.081,-0.036,-0.09,0,9,12,7,229,
2017-07-17 13:30:00,1290,sz002310,17.49,17.51,17.66,17.43,m30,29652.0,17.687,17.77,-0.083,-0.05,-0.066,0,9,12,7,229,
2017-07-17 14:00:00,1291,sz002310,17.51,17.24,17.55,17.22,m30,29424.0,17.594,17.686,-0.092,-0.065,-0.054,0,9,12,7,229,
2017-07-17 14:30:00,1292,sz002310,17.24,17.04,17.24,17.01,m30,44584.0,17.477,17.582,-0.105,-0.081,-0.048,0,9,12,7,229,
2017-07-17 15:00:00,1293,sz002310,17.05,17.01,17.37,17.0,m30,40379.0,17.382,17.492,-0.11,-0.089,-0.042,0,9,12,7,229,
2017-07-18 10:00:00,1294,sz002310,16.84,17.04,17.08,16.7,m30,46024.0,17.245,17.37,-0.125,-0.096,-0.058,0,9,12,7,229,
2017-07-18 10:30:00,1295,sz002310,17.05,16.89,17.05,16.81,m30,17282.0,17.158,17.284,-0.126,-0.103,-0.046,0,9,12,7,229,
2017-07-18 11:00:00,1296,sz002310,16.89,16.91,16.98,16.86,m30,11235.0,17.099,17.219,-0.12,-0.109,-0.022,0,9,12,7,229,
2017-07-18 11:30:00,1297,sz002310,16.91,16.84,16.95,16.81,m30,10473.0,17.041,17.156,-0.115,-0.113,-0.004,0,9,12,7,229,
2017-07-18 13:30:00,1298,sz002310,16.84,17.07,17.07,16.84,m30,29863.0,17.001,17.107,-0.106,-0.115,0.018,1,9,12,7,229,"DSB quo:0.7, ga:0.3"
2017-07-18 14:00:00,1299,sz002310,17.07,17.25,17.33,17.07,m30,29551.0,17.015,17.102,-0.087,-0.113,0.052,0,9,12,7,229,
2017-07-18 14:30:00,1300,sz002310,17.25,17.27,17.35,17.23,m30,11150.0,17.058,17.121,-0.063,-0.106,0.086,0,9,12,7,229,
2017-07-18 15:00:00,1301,sz002310,17.27,17.32,17.33,17.24,m30,15451.0,17.094,17.14,-0.046,-0.095,0.098,0,9,12,7,229,
2017-07-19 10:00:00,1302,sz002310,17.29,17.35,17.51,17.1,m30,34655.0,17.095,17.134,-0.039,-0.082,0.086,0,9,12,7,229,
2017-07-19 10:30:00,1303,sz002310,17.35,17.3,17.37,17.23,m30,18400.0,17.122,17.148,-0.026,-0.069,0.086,0,9,12,7,229,
2017-07-19 11:00:00,1304,sz002310,17.3,17.41,17.44,17.23,m30,20374.0,17.144,17.161,-0.017,-0.055,0.076,0,9,12,7,229,
2017-07-19 11:30:00,1305,sz002310,17.41,17.47,17.47,17.38,m30,12882.0,17.191,17.195,-0.004,-0.04,0.072,0,9,12,7,229,
2017-07-19 13:30:00,1306,sz002310,17.47,17.4,17.5,17.38,m30,18581.0,17.229,17.223,0.006,-0.027,0.066,0,9,12,7,229,
2017-07-19 14:00:00,1307,sz002310,17.4,17.29,17.48,17.28,m30,16498.0,17.239,17.232,0.007,-0.017,0.048,0,9,12,7,229,
2017-07-19 14:30:00,1308,sz002310,17.28,17.47,17.47,17.24,m30,22697.0,17.239,17.233,0.006,-0.01,0.032,0,9,12,7,229,
2017-07-19 15:00:00,1309,sz002310,17.47,17.4,17.49,17.32,m30,30057.0,17.255,17.247,0.008,-0.003,0.022,-1,9,12,7,229,"MS_Sale quo:0.7, ga:0.3"
2017-07-20 10:00:00,1310,sz002310,17.38,17.63,17.66,17.28,m30,35214.0,17.26,17.252,0.008,0.002,0.012,0,9,12,7,229,
2017-07-20 10:30:00,1311,sz002310,17.63,17.63,17.65,17.55,m30,14631.0,17.318,17.298,0.02,0.007,0.026,0,9,12,7,229,
2017-07-20 11:00:00,1312,sz002310,17.64,17.51,17.64,17.5,m30,16375.0,17.355,17.329,0.026,0.012,0.028,0,9,12,7,229,
2017-07-20 11:30:00,1313,sz002310,17.51,17.54,17.57,17.51,m30,8217.0,17.386,17.357,0.029,0.015,0.028,0,9,12,7,229,
2017-07-20 13:30:00,1314,sz002310,17.54,17.4,17.56,17.35,m30,17743.0,17.379,17.356,0.023,0.017,0.012,0,9,12,7,229,
2017-07-20 14:00:00,1315,sz002310,17.4,17.36,17.45,17.35,m30,12606.0,17.373,17.355,0.018,0.019,-0.002,0,9,12,7,229,
2017-07-20 14:30:00,1316,sz002310,17.36,17.3,17.38,17.17,m30,23120.0,17.332,17.326,0.006,0.019,-0.026,0,9,12,7,229,
2017-07-20 15:00:00,1317,sz002310,17.29,17.24,17.35,17.21,m30,17062.0,17.308,17.308,0.0,0.017,-0.034,0,9,12,7,229,
2017-07-21 10:00:00,1318,sz002310,17.24,17.25,17.38,17.15,m30,23092.0,17.276,17.284,-0.008,0.013,-0.042,0,9,12,7,229,
2017-07-21 10:30:00,1319,sz002310,17.25,17.19,17.28,17.18,m30,18159.0,17.257,17.268,-0.011,0.008,-0.038,0,9,12,7,229,
2017-07-21 11:00:00,1320,sz002310,17.18,17.25,17.25,17.15,m30,13730.0,17.236,17.25,-0.014,0.002,-0.032,0,9,12,7,229,
2017-07-21 11:30:00,1321,sz002310,17.25,17.21,17.27,17.19,m30,8971.0,17.226,17.241,-0.015,-0.003,-0.024,0,9,12,7,229,
2017-07-21 13:30:00,1322,sz002310,17.21,17.26,17.28,17.2,m30,9424.0,17.221,17.234,-0.013,-0.008,-0.01,0,9,12,7,229,
2017-07-21 14:00:00,1323,sz002310,17.26,17.33,17.45,17.25,m30,24889.0,17.227,17.237,-0.01,-0.01,0.0,0,9,12,7,229,
2017-07-21 14:30:00,1324,sz002310,17.32,17.39,17.4,17.31,m30,11227.0,17.244,17.248,-0.004,-0.011,0.014,0,9,12,7,229,
2017-07-21 15:00:00,1325,sz002310,17.39,17.28,17.4,17.27,m30,20102.0,17.249,17.251,-0.002,-0.01,0.016,0,9,12,7,229,
2017-07-24 10:00:00,1326,sz002310,17.16,17.55,17.61,17.16,m30,35576.0,17.231,17.237,-0.006,-0.009,0.006,0,9,12,7,229,
2017-07-25 10:30:00,1333,sz002310,17.67,17.72,17.8,17.67,m30,13292.0,17.319,17.304,0.015,-0.005,0.04,0,9,12,7,229,
2017-07-25 11:00:00,1334,sz002310,17.72,17.59,17.73,17.55,m30,17117.0,17.365,17.342,0.023,0.0,0.046,0,9,12,7,229,
2017-07-25 11:30:00,1335,sz002310,17.59,17.64,17.66,17.51,m30,12494.0,17.394,17.368,0.026,0.006,0.04,0,9,12,7,229,
2017-07-25 13:30:00,1336,sz002310,17.64,17.7,17.71,17.6,m30,6621.0,17.435,17.403,0.032,0.012,0.04,0,9,12,7,229,
2017-07-25 14:00:00,1337,sz002310,17.7,17.6,17.73,17.56,m30,12258.0,17.46,17.428,0.032,0.017,0.03,0,9,12,7,229,
2017-07-25 14:30:00,1338,sz002310,17.6,17.54,17.62,17.52,m30,15445.0,17.472,17.442,0.03,0.022,0.016,0,9,12,7,229,
2017-07-25 15:00:00,1339,sz002310,17.54,17.58,17.58,17.53,m30,15538.0,17.484,17.455,0.029,0.027,0.004,0,9,12,7,229,
2017-07-26 10:00:00,1340,sz002310,17.5,17.31,17.63,17.31,m30,30360.0,17.449,17.433,0.016,0.027,-0.022,0,9,12,7,229,
2017-07-26 10:30:00,1341,sz002310,17.32,17.2,17.37,17.2,m30,21102.0,17.399,17.397,0.002,0.024,-0.044,0,9,12,7,229,
2017-07-26 11:00:00,1342,sz002310,17.2,17.24,17.28,17.15,m30,20723.0,17.349,17.359,-0.01,0.019,-0.058,0,9,12,7,229,
2017-07-26 11:30:00,1343,sz002310,17.24,17.21,17.3,17.17,m30,10920.0,17.313,17.33,-0.017,0.012,-0.058,0,9,12,7,229,
2017-07-26 13:30:00,1344,sz002310,17.21,17.34,17.44,17.21,m30,16412.0,17.293,17.312,-0.019,0.004,-0.046,0,9,12,7,229,
2017-07-26 14:00:00,1345,sz002310,17.34,17.24,17.37,17.23,m30,9422.0,17.28,17.299,-0.019,-0.003,-0.032,0,9,12,7,229,
2017-07-26 14:30:00,1346,sz002310,17.24,17.15,17.25,17.12,m30,20881.0,17.248,17.271,-0.023,-0.01,-0.026,0,9,12,7,229,
2017-07-26 15:00:00,1347,sz002310,17.15,17.18,17.21,17.15,m30,22466.0,17.229,17.253,-0.024,-0.016,-0.016,0,9,12,7,229,
2017-07-27 09:30:00,1348,sz002310,17.18,17.25,17.26,17.18,m30,712.0,17.219,17.242,-0.023,-0.019,-0.008,0,9,12,7,229,
2017-07-27 10:00:00,1355,sz002310,17.18,16.98,17.3,16.92,m30,34518.0,17.159,17.192,-0.033,-0.023,-0.02,0,9,12,7,229,
2017-07-27 10:30:00,1356,sz002310,16.97,16.91,16.98,16.89,m30,20828.0,17.105,17.146,-0.041,-0.026,-0.03,0,9,12,7,229,
2017-07-27 11:00:00,1357,sz002310,16.9,16.92,16.98,16.9,m30,12727.0,17.064,17.108,-0.044,-0.03,-0.028,0,9,12,7,229,
2017-07-27 11:30:00,1358,sz002310,16.91,17.16,17.16,16.89,m30,18601.0,17.029,17.074,-0.045,-0.033,-0.024,0,9,12,7,229,
2017-07-27 13:30:00,1359,sz002310,17.15,17.19,17.23,17.08,m30,17939.0,17.039,17.075,-0.036,-0.035,-0.002,0,9,12,7,229,
2017-07-27 14:00:00,1360,sz002310,17.19,17.15,17.2,17.14,m30,11596.0,17.06,17.085,-0.025,-0.035,0.02,1,9,12,7,229,"DSB quo:0.7, ga:0.3"
2017-07-27 14:30:00,1362,sz002310,17.15,17.12,17.17,17.06,m30,10234.0,17.06,17.081,-0.021,-0.035,0.028,0,9,12,7,229,
2017-07-27 15:00:00,1363,sz002310,17.12,17.32,17.37,17.11,m30,24195.0,17.07,17.086,-0.016,-0.033,0.034,0,9,12,7,229,
2017-07-28 10:00:00,1365,sz002310,17.33,17.2,17.37,17.15,m30,21767.0,17.086,17.096,-0.01,-0.028,0.036,0,9,12,7,229,
2017-07-28 10:30:00,1366,sz002310,17.2,17.27,17.3,17.18,m30,13865.0,17.105,17.109,-0.004,-0.022,0.036,0,9,12,7,229,
2017-07-28 11:00:00,1367,sz002310,17.27,17.15,17.29,17.14,m30,10301.0,17.112,17.113,-0.001,-0.016,0.03,0,9,12,7,229,
2017-07-28 11:30:00,1368,sz002310,17.15,17.19,17.2,17.13,m30,8127.0,17.115,17.116,-0.001,-0.011,0.02,0,9,12,7,229,
2017-07-28 13:30:00,1369,sz002310,17.19,17.1,17.19,17.06,m30,18758.0,17.104,17.107,-0.003,-0.008,0.01,-1,9,12,7,229,"MS_Sale quo:0.7, ga:0.3"
2017-07-28 14:00:00,1370,sz002310,17.1,17.08,17.12,17.05,m30,15921.0,17.093,17.099,-0.006,-0.006,0.0,0,9,12,7,229,
2017-07-28 14:30:00,1372,sz002310,17.08,17.08,17.09,17.0,m30,19681.0,17.075,17.083,-0.008,-0.005,-0.006,0,9,12,7,229,
2017-07-28 15:00:00,1373,sz002310,17.08,17.03,17.08,17.02,m30,19691.0,17.064,17.074,-0.01,-0.005,-0.01,0,9,12,7,229,
2017-07-31 09:30:00,1375,sz002310,17.05,17.02,17.1,17.01,m30,1558.0,17.053,17.064,-0.011,-0.006,-0.01,0,9,12,7,229,
2017-07-31 10:00:00,1376,sz002310,17.05,16.92,17.1,16.89,m30,22376.0,17.02,17.037,-0.017,-0.008,-0.018,0,9,12,7,229,
2017-07-31 10:30:00,1377,sz002310,16.94,16.9,17.04,16.85,m30,20281.0,16.986,17.008,-0.022,-0.011,-0.022,0,9,12,7,229,
2017-07-31 11:00:00,1378,sz002310,16.9,16.9,16.93,16.86,m30,11901.0,16.961,16.985,-0.024,-0.014,-0.02,0,9,12,7,229,
2017-07-31 11:30:00,1379,sz002310,16.9,17.24,17.25,16.89,m30,21890.0,16.947,16.971,-0.024,-0.017,-0.014,0,9,12,7,229,
2017-07-31 13:30:00,1380,sz002310,17.28,17.17,17.33,17.12,m30,23256.0,16.981,16.994,-0.013,-0.017,0.008,0,9,12,7,229,"DSB_AR quo:0.7, ga:0.3"
2017-07-31 14:00:00,1382,sz002310,17.17,17.15,17.17,17.12,m30,9102.0,17.009,17.013,-0.004,-0.016,0.024,0,9,12,7,229,
2017-07-31 14:30:00,1383,sz002310,17.16,17.06,17.16,17.05,m30,12041.0,17.017,17.019,-0.002,-0.015,0.026,0,9,12,7,229,
2017-07-31 15:00:00,1384,sz002310,17.06,17.07,17.11,17.03,m30,18974.0,17.02,17.021,-0.001,-0.013,0.024,0,9,12,7,229,
2017-08-01 10:00:00,1386,sz002310,17.1,17.03,17.17,16.99,m30,20069.0,17.014,17.016,-0.002,-0.01,0.016,0,9,12,7,229,
2017-08-01 10:30:00,1387,sz002310,17.03,17.15,17.25,17.02,m30,17730.0,17.015,17.016,-0.001,-0.007,0.012,0,9,12,7,229,
2017-08-01 11:00:00,1388,sz002310,17.15,17.18,17.21,17.13,m30,13711.0,17.038,17.034,0.004,-0.003,0.014,0,9,12,7,229,
2017-08-01 11:30:00,1389,sz002310,17.19,17.15,17.22,17.15,m30,11450.0,17.06,17.052,0.008,0.0,0.016,0,9,12,7,229,
2017-08-01 13:30:00,1390,sz002310,17.15,17.16,17.19,17.13,m30,10680.0,17.074,17.064,0.01,0.002,0.016,0,9,12,7,229,
2017-08-01 14:00:00,1391,sz002310,17.16,17.13,17.18,17.07,m30,14550.0,17.074,17.065,0.009,0.004,0.01,0,9,12,7,229,
2017-08-01 14:30:00,1393,sz002310,17.13,17.13,17.16,17.07,m30,13180.0,17.073,17.066,0.007,0.005,0.004,0,9,12,7,229,
2017-08-01 15:00:00,1394,sz002310,17.13,17.12,17.14,17.09,m30,17244.0,17.076,17.069,0.007,0.006,0.002,0,9,12,7,229,
2017-08-02 09:30:00,1396,sz002310,17.01,17.04,17.12,17.01,m30,1022.0,17.063,17.06,0.003,0.007,-0.008,0,9,12,7,229,
2017-08-02 10:00:00,1397,sz002310,17.01,17.05,17.17,17.01,m30,13642.0,17.052,17.052,0.0,0.006,-0.012,0,9,12,7,229,
2017-08-02 10:30:00,1398,sz002310,17.05,16.91,17.05,16.87,m30,28266.0,17.016,17.024,-0.008,0.004,-0.024,0,9,12,7,229,
2017-08-02 11:00:00,1399,sz002310,16.91,16.89,16.95,16.86,m30,20808.0,16.985,16.999,-0.014,0.001,-0.03,0,9,12,7,229,
2017-08-02 11:30:00,1400,sz002310,16.89,16.84,16.9,16.8,m30,31504.0,16.948,16.968,-0.02,-0.004,-0.032,0,9,12,7,229,
2017-08-02 13:00:00,1401,sz002310,16.84,16.82,16.84,16.82,m30,1542.0,16.922,16.946,-0.024,-0.008,-0.032,0,9,12,7,229,
2017-08-02 13:30:00,1402,sz002310,16.84,16.75,16.85,16.71,m30,43772.0,16.88,16.909,-0.029,-0.013,-0.032,0,9,12,7,229,
2017-08-02 14:00:00,1403,sz002310,16.75,16.66,16.82,16.63,m30,35314.0,16.83,16.866,-0.036,-0.019,-0.034,0,9,12,7,229,
2017-08-02 14:30:00,1405,sz002310,16.66,16.68,16.72,16.62,m30,26941.0,16.788,16.828,-0.04,-0.024,-0.032,0,9,12,7,229,
2017-08-02 15:00:00,1406,sz002310,16.68,16.59,16.68,16.58,m30,41380.0,16.746,16.79,-0.044,-0.03,-0.028,0,9,12,7,229,
2017-08-03 09:30:00,1408,sz002310,16.68,16.75,16.76,16.68,m30,1981.0,16.733,16.773,-0.04,-0.033,-0.014,0,9,12,7,229,
2017-08-03 10:00:00,1409,sz002310,16.68,16.79,16.87,16.65,m30,32246.0,16.716,16.754,-0.038,-0.036,-0.004,0,9,12,7,229,
2017-08-03 10:30:00,1410,sz002310,16.79,16.75,16.84,16.75,m30,11929.0,16.723,16.754,-0.031,-0.037,0.012,0,9,12,7,229,"DSB_AR quo:0.7, ga:0.3"
2017-08-03 11:00:00,1411,sz002310,16.75,16.8,16.82,16.73,m30,10718.0,16.725,16.75,-0.025,-0.036,0.022,0,9,12,7,229,
2017-08-03 11:30:00,1412,sz002310,16.8,16.76,16.81,16.75,m30,4975.0,16.73,16.75,-0.02,-0.034,0.028,0,9,12,7,229,
2017-08-03 13:30:00,1413,sz002310,16.76,16.76,16.78,16.73,m30,5824.0,16.73,16.747,-0.017,-0.031,0.028,0,9,12,7,229,
2017-08-03 14:00:00,1414,sz002310,16.76,16.74,16.76,16.66,m30,8840.0,16.716,16.734,-0.018,-0.027,0.018,0,9,12,7,229,
2017-08-03 14:30:00,1416,sz002310,16.74,16.75,16.76,16.71,m30,7254.0,16.715,16.73,-0.015,-0.023,0.016,0,9,12,7,229,
2017-08-03 15:00:00,1417,sz002310,16.75,16.7,16.76,16.61,m30,29519.0,16.694,16.711,-0.017,-0.02,0.006,0,9,12,7,229,
